Name player;Rating player;Data;Tournament;Time match;Status;col_man;origin;enemy;rating;result_match;Time1;Time2;Time3;Link
Сидоренко Владимир Владимирович;настольный теннис - это мы!;14.04.2021;отк ЧР-2021;11:00;отк ЧР-2021;54;;;;;;;;https://rttf.ru/players/70524
Сидоренко Владимир Владимирович;настольный теннис - это мы!;26.07.2020;26.07.2020 отк ТОП-16 муж;10:00;отк КЧР Прем (м);50;;;;;;;;https://rttf.ru/players/9668
Скачков Кирилл Сергеевич;настольный теннис - это мы!;22.12.2022;отк КЧР Прем (м);10:00;отк КЧР Прем (м);46;;;;;;;;https://rttf.ru/players/9668
Скачков Кирилл Сергеевич;настольный теннис - это мы!;27.10.2022;отк КЧР Прем (м);15:00;отк ArtTT-Первом;39;;;;;;;;https://rttf.ru/players/9668
Скачков Кирилл Сергеевич;настольный теннис - это мы!;09.05.2022;отк ArtTT-Первом;10:00;отк КЧР Прем (м);28;;;;;;;;https://rttf.ru/players/9668
Скачков Кирилл Сергеевич;настольный теннис - это мы!;13.06.2021;отк КЧР Прем (м);11:00;отк ЧР-2021;63;;;;;;;;https://rttf.ru/players/9668
Скачков Кирилл Сергеевич;настольный теннис - это мы!;18.04.2021;отк ЧР-2021;11:00;отк ЧР-2021;54;;;;;;;;https://rttf.ru/players/9668
Скачков Кирилл Сергеевич;настольный теннис - это мы!;14.04.2021;отк ЧР-2021;11:00;отк Butterfly;15;;;;;;;;https://rttf.ru/players/9668
Скачков Кирилл Сергеевич;настольный теннис - это мы!;15.10.2020;отк Butterfly;18:00;1500+ Лига ПРО;5;18:35;;;;;;;https://rttf.ru/players/25946
Скачков Кирилл Сергеевич;настольный теннис - это мы!;26.07.2020;26.07.2020 отк ТОП-16 муж;18:00;1500+ Лига ПРО;5;18:35;;;;;;;https://rttf.ru/players/25946
Каракашевич Александр;настольный теннис - это мы!;30.07.2017;1500+ Лига ПРО;08:00;отк КЧР Прем (м);48;;;;;;;;https://rttf.ru/players/49562
Каракашевич Александр;настольный теннис - это мы!;29.07.2017;1500+ Лига ПРО;10:00;отк КЧР Прем (м);28;;;;;;;;https://rttf.ru/players/49562
Овчаров Дмитрий Михайлович;настольный теннис - это мы!;23.12.2021;отк КЧР Прем (м);10:00;отк КЧР Прем (м);46;;;;;;;;https://rttf.ru/players/49562
Овчаров Дмитрий Михайлович;настольный теннис - это мы!;13.06.2021;отк КЧР Прем (м);10:00;отк КЧР Прем (м);46;;;;;;;;https://rttf.ru/players/49562
Овчаров Дмитрий Михайлович;настольный теннис - это мы!;20.05.2021;отк КЧР Прем (м);10:00;отк КЧР Прем (м);28;;;;;;;;https://rttf.ru/players/48983
Овчаров Дмитрий Михайлович;настольный теннис - это мы!;25.02.2021;отк КЧР Прем (м);08:00;отк КЧР Прем (м);44;;;;;;;;https://rttf.ru/players/48983
Овчаров Дмитрий Михайлович;настольный теннис - это мы!;24.10.2020;24.10.2020 отк КЧР Прем (м);10:00;отк КЧР Прем (м);28;;;;;;;;https://rttf.ru/players/48983
Фрейташ Маркуш;настольный теннис - это мы!;19.06.2022;отк КЧР Прем (м);10:00;отк КЧР Прем (м);46;;;;;;;;https://rttf.ru/players/48983
Фрейташ Маркуш;настольный теннис - это мы!;17.10.2021;отк КЧР Прем (м);08:00;отк КЧР Прем (м);44;;;;;;;;https://rttf.ru/players/75175
Фрейташ Маркуш;настольный теннис - это мы!;13.06.2021;отк КЧР Прем (м);08:00;отк КЧР Прем (м);44;;;;;;;;https://rttf.ru/players/75175
Фрейташ Маркуш;настольный теннис - это мы!;20.05.2021;отк КЧР Прем (м);10:00;отк КЧР Прем (м);28;;;;;;;;https://rttf.ru/players/75175
Фрейташ Маркуш;настольный теннис - это мы!;23.12.2020;23.12.2020 отк КЧР Прем (м);10:00;отк КЧР Прем (м);46;;;;;;;;https://rttf.ru/players/75175
Питчфорд Лиам;настольный теннис - это мы!;06.02.2022;отк КЧР Прем (м);10:00;отк Newton arena;32;;;;;;;;https://rttf.ru/players/29501
Питчфорд Лиам;настольный теннис - это мы!;17.10.2021;отк КЧР Прем (м);11:00;отк ЧР-2021;63;;;;;;;;https://rttf.ru/players/29501
Питчфорд Лиам;настольный теннис - это мы!;13.06.2021;отк КЧР Прем (м);11:00;отк ЧР-2021;54;;;;;;;;https://rttf.ru/players/29501
Питчфорд Лиам;настольный теннис - это мы!;20.05.2021;отк КЧР Прем (м);08:00;отк КЧР Прем (м);44;;;;;;;;https://rttf.ru/players/88552
Питчфорд Лиам;настольный теннис - это мы!;23.12.2020;23.12.2020 отк КЧР Прем (м);08:00;отк КЧР Прем (м);48;;;;;;;;https://rttf.ru/players/88552
Фадеев Евгений;настольный теннис - это мы!;14.08.2011;14.08.2011 отк Лужники;11:00;отк ЧР-2021;54;;;;;;;;https://rttf.ru/players/25945
Буров Вячеслав Борисович;настольный теннис - это мы!;23.02.2022;отк Newton arena;10:00;отк ТОП-12 муж;12;;;;;;;;https://rttf.ru/players/25945
Буров Вячеслав Борисович;настольный теннис - это мы!;18.04.2021;отк ЧР-2021;18:00;1600+ Лига ПРО;5;18:30;;;;;;;https://rttf.ru/players/25945
Буров Вячеслав Борисович;настольный теннис - это мы!;14.04.2021;отк ЧР-2021;18:00;1600+ Лига ПРО;5;18:01;;;;;;;https://rttf.ru/players/25945
Буров Вячеслав Борисович;настольный теннис - это мы!;26.07.2020;26.07.2020 отк ТОП-16 муж;18:00;1500+ Лига ПРО;5;18:03;;;;;;;https://rttf.ru/players/25945
Кальдерано Уго;настольный теннис - это мы!;06.02.2022;отк КЧР Прем (м);18:00;1500+ Лига ПРО;5;19:10;;;;;;;https://rttf.ru/players/25945
Кальдерано Уго;настольный теннис - это мы!;23.12.2021;отк КЧР Прем (м);08:00;отк КЧР Прем (м);44;;;;;;;;https://rttf.ru/players/48845
Власов Григорий Сергеевич;настольный теннис - это мы!;14.04.2021;отк ЧР-2021;08:00;отк КЧР Прем (м);48;;;;;;;;https://rttf.ru/players/48845
Власов Григорий Сергеевич;настольный теннис - это мы!;17.12.2020;отк ТОП-12 муж;08:00;отк КЧР Прем (м);44;;;;;;;;https://rttf.ru/players/48845
Власов Григорий Сергеевич;настольный теннис - это мы!;29.12.2018;1600+ Лига ПРО;10:00;отк КЧР Прем (м);28;;;;;;;;https://rttf.ru/players/48845
Власов Григорий Сергеевич;настольный теннис - это мы!;28.12.2018;1600+ Лига ПРО;10:00;отк КЧР Прем (м);46;;;;;;;;https://rttf.ru/players/48845
Власов Григорий Сергеевич;настольный теннис - это мы!;30.07.2017;1500+ Лига ПРО;10:00;отк КЧР Прем (м);46;;;;;;;;https://rttf.ru/players/48845
Власов Григорий Сергеевич;настольный теннис - это мы!;29.07.2017;1500+ Лига ПРО;10:00;отк КЧР Прем (м);50;;;;;;;;https://rttf.ru/players/44012
Грот Джонатан;настольный теннис - это мы!;06.02.2022;отк КЧР Прем (м);10:00;отк КЧР Прем (м);46;;;;;;;;https://rttf.ru/players/44012
Грот Джонатан;настольный теннис - это мы!;23.12.2021;отк КЧР Прем (м);10:00;отк КЧР Прем (м);46;;;;;;;;https://rttf.ru/players/44012
Грот Джонатан;настольный теннис - это мы!;17.10.2021;отк КЧР Прем (м);08:00;отк КЧР Прем (м);47;;;;;;;;https://rttf.ru/players/44012
Грот Джонатан;настольный теннис - это мы!;13.06.2021;отк КЧР Прем (м);08:00;отк КЧР Прем (м);45;;;;;;;;https://rttf.ru/players/44012
Грот Джонатан;настольный теннис - это мы!;20.05.2021;отк КЧР Прем (м);10:00;отк КЧР Прем (м);29;;;;;;;;https://rttf.ru/players/44012
Грот Джонатан;настольный теннис - это мы!;25.02.2021;отк КЧР Прем (м);08:00;отк КЧР Прем (м);43;;;;;;;;https://rttf.ru/players/44012
Грот Джонатан;настольный теннис - это мы!;23.12.2020;23.12.2020 отк КЧР Прем (м);08:00;отк КЧР Прем (м);42;;;;;;;;https://rttf.ru/players/44012
Гачина Андрей;настольный теннис - это мы!;22.12.2022;отк КЧР Прем (м);10:00;отк КЧР Прем (м);45;;;;;;;;https://rttf.ru/players/44012
Гачина Андрей;настольный теннис - это мы!;27.10.2022;отк КЧР Прем (м);15:30;отк ФилиТТ;43;16:02;;;;;;;https://rttf.ru/players/22833
Гачина Андрей;настольный теннис - это мы!;15.03.2020;отк КЧР Прем (м);15:00;отк ФилиТТ;34;15:16;;;;;;;https://rttf.ru/players/22833
Гачина Андрей;настольный теннис - это мы!;22.12.2019;отк КЧР Прем (м);16:00;отк V2 TTC;13;16:04;;;;;;;https://rttf.ru/players/22833
Гачина Андрей;настольный теннис - это мы!;22.10.2019;отк КЧР Прем (м);10:00;отк КЧР Прем (м);50;;;;;;;;https://rttf.ru/players/22833
Гачина Андрей;настольный теннис - это мы!;26.05.2019;отк КЧР Прем (м);14:30;отк V2 TTC;22;14:38;;;;;;;https://rttf.ru/players/22833
Гачина Андрей;настольный теннис - это мы!;17.03.2019;отк КЧР Прем (м);13:00;отк V2 TTC;22;13:04;;;;;;;https://rttf.ru/players/22833
Гачина Андрей;настольный теннис - это мы!;21.02.2019;отк КЧР Прем (м);16:00;отк ФилиТТ;37;16:31;;;;;;;https://rttf.ru/players/22833
Гачина Андрей;настольный теннис - это мы!;23.12.2018;отк КЧР Прем (м);10:00;отк КЧР Прем (м);46;;;;;;;;https://rttf.ru/players/22833
Самсонов Владимир Викторович;настольный теннис - это мы!;23.12.2020;23.12.2020 отк КЧР Прем (м);09:30;750 ФилиТТ;4;10:50;;;;;;;https://rttf.ru/players/22833
Ливенцов Алексей Вячеславович;настольный теннис - это мы!;14.01.2023;отк ФилиТТ;15:30;отк ФилиТТ;67;16:01;;;;;;;https://rttf.ru/players/22833
Ливенцов Алексей Вячеславович;настольный теннис - это мы!;07.01.2023;отк ФилиТТ;10:00;отк КЧР Прем (м);50;;;;;;;;https://rttf.ru/players/74463
Ливенцов Алексей Вячеславович;настольный теннис - это мы!;25.12.2022;отк V2 TTC;10:00;отк КЧР Прем (м);28;;;;;;;;https://rttf.ru/players/74463
Ливенцов Алексей Вячеславович;настольный теннис - это мы!;22.12.2022;отк КЧР Прем (м);08:00;отк КЧР Прем (м);44;;;;;;;;https://rttf.ru/players/74463
Ливенцов Алексей Вячеславович;настольный теннис - это мы!;03.12.2022;отк V2 TTC;12:00;отк Академия;14;12:30;;;;;;;https://rttf.ru/players/74463
Ливенцов Алексей Вячеславович;настольный теннис - это мы!;26.11.2022;отк V2 TTC;08:00;отк КЧР Прем (м);44;;;;;;;;https://rttf.ru/players/74463
Ливенцов Алексей Вячеславович;настольный теннис - это мы!;12.11.2022;отк ФилиТТ;08:00;отк КЧР Прем (м);48;;;;;;;;https://rttf.ru/players/74463
Ливенцов Алексей Вячеславович;настольный теннис - это мы!;27.10.2022;отк КЧР Прем (м);08:00;отк КЧР Прем (м);44;;;;;;;;https://rttf.ru/players/74463
Ливенцов Алексей Вячеславович;настольный теннис - это мы!;17.10.2022;750 ФилиТТ;10:00;отк КЧР Прем (м);28;;;;;;;;https://rttf.ru/players/74463
Ливенцов Алексей Вячеславович;настольный теннис - это мы!;01.10.2022;отк ФилиТТ;10:00;отк КЧР Прем (м);46;;;;;;;;https://rttf.ru/players/74463
Шибаев Александр Игоревич;настольный теннис - это мы!;22.12.2022;отк КЧР Прем (м);11:00;отк ЧР-2021;54;;;;;;;;https://rttf.ru/players/74463
Шибаев Александр Игоревич;настольный теннис - это мы!;19.06.2022;отк КЧР Прем (м);10:00;отк КЧР Прем (м);50;;;;;;;;https://rttf.ru/players/75176
Шибаев Александр Игоревич;настольный теннис - это мы!;15.05.2022;отк КЧР Прем (м);10:00;отк КЧР Прем (м);46;;;;;;;;https://rttf.ru/players/75176
Шибаев Александр Игоревич;настольный теннис - это мы!;09.04.2022;отк Академия;10:00;отк КЧР Прем (м);28;;;;;;;;https://rttf.ru/players/75176
Шибаев Александр Игоревич;настольный теннис - это мы!;06.02.2022;отк КЧР Прем (м);08:00;отк КЧР Прем (м);44;;;;;;;;https://rttf.ru/players/75176
Шибаев Александр Игоревич;настольный теннис - это мы!;23.12.2021;отк КЧР Прем (м);08:00;отк КЧР Прем (м);44;;;;;;;;https://rttf.ru/players/75176
Шибаев Александр Игоревич;настольный теннис - это мы!;17.10.2021;отк КЧР Прем (м);08:00;отк КЧР Прем (м);48;;;;;;;;https://rttf.ru/players/75176
Шибаев Александр Игоревич;настольный теннис - это мы!;13.06.2021;отк КЧР Прем (м);10:00;отк КЧР Прем (м);28;;;;;;;;https://rttf.ru/players/75176
Шибаев Александр Игоревич;настольный теннис - это мы!;20.05.2021;отк КЧР Прем (м);10:00;отк КЧР Прем (м);46;;;;;;;;https://rttf.ru/players/75176
Шибаев Александр Игоревич;настольный теннис - это мы!;14.04.2021;отк ЧР-2021;10:00;отк КЧР Прем (м);46;;;;;;;;https://rttf.ru/players/75176
Максимов Максим;настольный теннис - это мы!;14.04.2012;14.04.2012 отк Лужники;10:00;отк КЧР Прем (м);50;;;;;;;;https://rttf.ru/players/2363
Пуцар Томислав;настольный теннис - это мы!;22.12.2022;отк КЧР Прем (м);10:00;отк КЧР Прем (м);46;;;;;;;;https://rttf.ru/players/2363
Пуцар Томислав;настольный теннис - это мы!;27.10.2022;отк КЧР Прем (м);11:00;отк ЧР-2021;63;;;;;;;;https://rttf.ru/players/2363
Пуцар Томислав;настольный теннис - это мы!;19.06.2022;отк КЧР Прем (м);11:00;отк ЧР-2021;54;;;;;;;;https://rttf.ru/players/2363
Пуцар Томислав;настольный теннис - это мы!;15.05.2022;отк КЧР Прем (м);18:00;1600+ Лига ПРО;5;17:59;;;;;;;https://rttf.ru/players/2363
Пуцар Томислав;настольный теннис - это мы!;06.02.2022;отк КЧР Прем (м);18:00;1600+ Лига ПРО;5;18:45;;;;;;;https://rttf.ru/players/2363
Пуцар Томислав;настольный теннис - это мы!;23.12.2021;отк КЧР Прем (м);15:00;отк М. Бунина;82;;;;;;;;https://rttf.ru/players/2363
Пуцар Томислав;настольный теннис - это мы!;13.06.2021;отк КЧР Прем (м);18:00;1600+ Лига ПРО;5;19:00;;;;;;;https://rttf.ru/players/2363
Пуцар Томислав;настольный теннис - это мы!;20.05.2021;отк КЧР Прем (м);18:00;1600+ Лига ПРО;5;18:01;;;;;;;https://rttf.ru/players/2363
Пуцар Томислав;настольный теннис - это мы!;25.02.2021;отк КЧР Прем (м);10:00;отк КЧР Прем (м);50;;;;;;;;https://rttf.ru/players/21815
Пуцар Томислав;настольный теннис - это мы!;23.12.2020;23.12.2020 отк КЧР Прем (м);10:00;отк КЧР Прем (м);46;;;;;;;;https://rttf.ru/players/21815
Лакеев Василий Алексеевич;настольный теннис - это мы!;22.12.2022;отк КЧР Прем (м);10:00;отк КЧР Прем (м);28;;;;;;;;https://rttf.ru/players/21815
Лакеев Василий Алексеевич;настольный теннис - это мы!;27.10.2022;отк КЧР Прем (м);08:00;отк КЧР Прем (м);44;;;;;;;;https://rttf.ru/players/21815
Лакеев Василий Алексеевич;настольный теннис - это мы!;18.04.2021;отк ЧР-2021;10:00;отк КЧР Прем (м);28;;;;;;;;https://rttf.ru/players/21815
Лакеев Василий Алексеевич;настольный теннис - это мы!;14.04.2021;отк ЧР-2021;10:00;отк КЧР Прем (м);46;;;;;;;;https://rttf.ru/players/21815
Лакеев Василий Алексеевич;настольный теннис - это мы!;30.12.2019;1600+ Лига ПРО;11:00;отк ЧР-2021;63;;;;;;;;https://rttf.ru/players/21815
Лакеев Василий Алексеевич;настольный теннис - это мы!;29.12.2019;1600+ Лига ПРО;11:00;отк ЧР-2021;54;;;;;;;;https://rttf.ru/players/21815
Лакеев Василий Алексеевич;настольный теннис - это мы!;19.05.2019;отк М. Бунина;10:00;отк КЧР Прем (м);46;;;;;;;;https://rttf.ru/players/21815
Лакеев Василий Алексеевич;настольный теннис - это мы!;29.12.2018;1600+ Лига ПРО;10:00;1300+ Лига ПРО;5;11:04;;;;;;;https://rttf.ru/players/25935
Лакеев Василий Алексеевич;настольный теннис - это мы!;28.12.2018;1600+ Лига ПРО;10:00;1300-1500 Лига ПРО;5;10:00;;;;;;;https://rttf.ru/players/25935
Лакеев Василий Алексеевич;настольный теннис - это мы!;17.05.2013;17.05.2013 отк Butterfly;10:00;1300+ Лига ПРО;5;10:01;;;;;;;https://rttf.ru/players/25935
Пайков Михаил Борисович;настольный теннис - это мы!;22.12.2022;отк КЧР Прем (м);10:00;отк КЧР Прем (м);50;;;;;;;;https://rttf.ru/players/25921
Пайков Михаил Борисович;настольный теннис - это мы!;27.10.2022;отк КЧР Прем (м);10:00;отк КЧР Прем (м);46;;;;;;;;https://rttf.ru/players/25921
Пайков Михаил Борисович;настольный теннис - это мы!;19.06.2022;отк КЧР Прем (м);10:00;отк КЧР Прем (м);28;;;;;;;;https://rttf.ru/players/25921
Пайков Михаил Борисович;настольный теннис - это мы!;15.05.2022;отк КЧР Прем (м);11:00;отк ЧР-2021;63;;;;;;;;https://rttf.ru/players/25921
Пайков Михаил Борисович;настольный теннис - это мы!;13.06.2021;отк КЧР Прем (м);11:00;отк ЧР-2021;54;;;;;;;;https://rttf.ru/players/25921
Пайков Михаил Борисович;настольный теннис - это мы!;20.05.2021;отк КЧР Прем (м);11:00;отк ЧР-2021;63;;;;;;;;https://rttf.ru/players/70525
Пайков Михаил Борисович;настольный теннис - это мы!;18.04.2021;отк ЧР-2021;11:00;отк ЧР-2021;54;;;;;;;;https://rttf.ru/players/70525
Пайков Михаил Борисович;настольный теннис - это мы!;14.04.2021;отк ЧР-2021;10:00;отк ТОП-12 муж;12;;;;;;;;https://rttf.ru/players/70525
Пайков Михаил Борисович;настольный теннис - это мы!;25.02.2021;отк КЧР Прем (м);11:00;отк ЧР-2021;63;;;;;;;;https://rttf.ru/players/25955
Пайков Михаил Борисович;настольный теннис - это мы!;23.12.2020;23.12.2020 отк КЧР Прем (м);11:00;отк ЧР-2021;54;;;;;;;;https://rttf.ru/players/25955
Маринкович Никола;настольный теннис - это мы!;24.05.2017;1300+ Лига ПРО;11:00;отк ЧР-2021;63;;;;;;;;https://rttf.ru/players/3550
Маринкович Никола;настольный теннис - это мы!;23.05.2017;1300-1500 Лига ПРО;11:00;отк ЧР-2021;54;;;;;;;;https://rttf.ru/players/3550
Маринкович Никола;настольный теннис - это мы!;22.05.2017;1300+ Лига ПРО;17:30;350+ New Holland;42;17:55;;;;;;;https://rttf.ru/players/89029
Исмаилов Саъди Фарходович;настольный теннис - это мы!;22.12.2022;отк КЧР Прем (м);15:30;отк ФилиТТ;43;16:13;;;;;;;https://rttf.ru/players/89029
Исмаилов Саъди Фарходович;настольный теннис - это мы!;27.10.2022;отк КЧР Прем (м);15:00;отк ФилиТТ;29;15:38;;;;;;;https://rttf.ru/players/89029
Исмаилов Саъди Фарходович;настольный теннис - это мы!;13.06.2021;отк КЧР Прем (м);15:30;отк ФилиТТ;42;16:00;;;;;;;https://rttf.ru/players/89029
Исмаилов Саъди Фарходович;настольный теннис - это мы!;18.04.2021;отк ЧР-2021;18:00;300+ New Holland;28;18:23;;;;;;;https://rttf.ru/players/89029
Исмаилов Саъди Фарходович;настольный теннис - это мы!;14.04.2021;отк ЧР-2021;15:30;отк ФилиТТ;41;15:51;;;;;;;https://rttf.ru/players/89029
Исмаилов Саъди Фарходович;настольный теннис - это мы!;26.07.2020;26.07.2020 отк ТОП-16 муж;09:30;750 ФилиТТ;4;10:50;;;;;;;https://rttf.ru/players/89029
Гребнев Максим Алексеевич;настольный теннис - это мы!;18.04.2021;отк ЧР-2021;15:30;отк ФилиТТ;51;16:09;;;;;;;https://rttf.ru/players/89029
Гребнев Максим Алексеевич;настольный теннис - это мы!;14.04.2021;отк ЧР-2021;15:30;отк ФилиТТ;44;16:31;;;;;;;https://rttf.ru/players/89029
Гребнев Максим Алексеевич;настольный теннис - это мы!;17.12.2020;отк ТОП-12 муж;15:30;отк ФилиТТ;67;15:58;;;;;;;https://rttf.ru/players/89029
Гребнев Максим Алексеевич;настольный теннис - это мы!;26.07.2020;26.07.2020 отк ТОП-16 муж;11:00;отк ЧР-2021;63;;;;;;;;https://rttf.ru/players/25922
Гадиев Вильдан Рашитович;настольный теннис - это мы!;18.04.2021;отк ЧР-2021;18:00;1600+ Лига ПРО;5;;;;;;;;https://rttf.ru/players/25922
Гадиев Вильдан Рашитович;настольный теннис - это мы!;14.04.2021;отк ЧР-2021;18:00;1600+ Лига ПРО;5;;;;;;;;https://rttf.ru/players/25922
Гадиев Вильдан Рашитович;настольный теннис - это мы!;26.07.2020;26.07.2020 отк ТОП-16 муж;10:00;1600+ Лига ПРО;5;10:28;;;;;;;https://rttf.ru/players/25922
Кацман Лев Вадимович;настольный теннис - это мы!;18.04.2021;отк ЧР-2021;10:00;1600+ Лига ПРО;5;10:00;;;;;;;https://rttf.ru/players/25922
Кацман Лев Вадимович;настольный теннис - это мы!;14.04.2021;отк ЧР-2021;10:00;отк КЧР Прем (м);50;;;;;;;;https://rttf.ru/players/70526
Кацман Лев Вадимович;настольный теннис - это мы!;26.07.2020;26.07.2020 отк ТОП-16 муж;10:00;отк КЧР Прем (м);46;;;;;;;;https://rttf.ru/players/70526
Кривошеев Вячеслав Александрович;настольный теннис - это мы!;18.02.2023;350+ New Holland;10:00;отк КЧР Прем (м);28;;;;;;;;https://rttf.ru/players/70526
Кривошеев Вячеслав Александрович;настольный теннис - это мы!;14.01.2023;отк ФилиТТ;08:00;отк КЧР Прем (м);44;;;;;;;;https://rttf.ru/players/70526
Кривошеев Вячеслав Александрович;настольный теннис - это мы!;31.12.2022;отк ФилиТТ;08:00;отк КЧР Прем (м);44;;;;;;;;https://rttf.ru/players/70526
Кривошеев Вячеслав Александрович;настольный теннис - это мы!;24.12.2022;отк ФилиТТ;08:00;отк КЧР Прем (м);48;;;;;;;;https://rttf.ru/players/70526
Кривошеев Вячеслав Александрович;настольный теннис - это мы!;17.12.2022;300+ New Holland;08:00;отк КЧР Прем (м);44;;;;;;;;https://rttf.ru/players/70526
Кривошеев Вячеслав Александрович;настольный теннис - это мы!;10.12.2022;отк ФилиТТ;10:00;отк КЧР Прем (м);46;;;;;;;;https://rttf.ru/players/70526
Кривошеев Вячеслав Александрович;настольный теннис - это мы!;17.10.2022;750 ФилиТТ;11:00;отк ЧР-2021;63;;;;;;;;https://rttf.ru/players/70526
Кривошеев Вячеслав Александрович;настольный теннис - это мы!;15.10.2022;отк ФилиТТ;11:00;отк ЧР-2021;54;;;;;;;;https://rttf.ru/players/70526
Кривошеев Вячеслав Александрович;настольный теннис - это мы!;08.10.2022;отк ФилиТТ;10:00;отк КЧР Прем (м);28;;;;;;;;https://rttf.ru/players/70530
Кривошеев Вячеслав Александрович;настольный теннис - это мы!;01.10.2022;отк ФилиТТ;08:00;отк КЧР Прем (м);44;;;;;;;;https://rttf.ru/players/70530
Кузьмин Фёдор Сергеевич;настольный теннис - это мы!;18.04.2021;отк ЧР-2021;08:00;отк КЧР Прем (м);48;;;;;;;;https://rttf.ru/players/70530
Кузьмин Фёдор Сергеевич;настольный теннис - это мы!;26.06.2018;1600+ Лига ПРО;08:00;отк КЧР Прем (м);44;;;;;;;;https://rttf.ru/players/70530
Кузьмин Фёдор Сергеевич;настольный теннис - это мы!;25.06.2018;1600+ Лига ПРО;10:00;отк КЧР Прем (м);28;;;;;;;;https://rttf.ru/players/70530
Кузьмин Фёдор Сергеевич;настольный теннис - это мы!;02.04.2017;1600+ Лига ПРО;10:00;отк КЧР Прем (м);46;;;;;;;;https://rttf.ru/players/70530
Кузьмин Фёдор Сергеевич;настольный теннис - это мы!;01.04.2017;1600+ Лига ПРО;11:00;отк ЧР-2021;63;;;;;;;;https://rttf.ru/players/70530
Герасименко Кирилл Геннадьевич;настольный теннис - это мы!;06.09.2015;06.09.2015 отк Холмы;11:00;отк ЧР-2021;54;;;;;;;;https://rttf.ru/players/70530
Ивонин Денис Валерьевич;настольный теннис - это мы!;22.12.2022;отк КЧР Прем (м);10:00;отк КЧР Прем (м);46;;;;;;;;https://rttf.ru/players/70530
Ивонин Денис Валерьевич;настольный теннис - это мы!;27.10.2022;отк КЧР Прем (м);10:00;отк КЧР Прем (м);50;;;;;;;;https://rttf.ru/players/25941
Ивонин Денис Валерьевич;настольный теннис - это мы!;19.06.2022;отк КЧР Прем (м);10:00;отк КЧР Прем (м);46;;;;;;;;https://rttf.ru/players/25941
Ивонин Денис Валерьевич;настольный теннис - это мы!;15.05.2022;отк КЧР Прем (м);10:00;отк КЧР Прем (м);28;;;;;;;;https://rttf.ru/players/25941
Ивонин Денис Валерьевич;настольный теннис - это мы!;06.02.2022;отк КЧР Прем (м);11:00;отк ЧР-2021;63;;;;;;;;https://rttf.ru/players/25941
Ивонин Денис Валерьевич;настольный теннис - это мы!;23.12.2021;отк КЧР Прем (м);11:00;отк ЧР-2021;54;;;;;;;;https://rttf.ru/players/25941
Ивонин Денис Валерьевич;настольный теннис - это мы!;17.10.2021;отк КЧР Прем (м);10:00;отк КЧР Прем (м);50;;;;;;;;https://rttf.ru/players/2532
Ивонин Денис Валерьевич;настольный теннис - это мы!;20.05.2021;отк КЧР Прем (м);10:00;отк КЧР Прем (м);46;;;;;;;;https://rttf.ru/players/2532
Ивонин Денис Валерьевич;настольный теннис - это мы!;18.04.2021;отк ЧР-2021;10:00;отк КЧР Прем (м);28;;;;;;;;https://rttf.ru/players/2532
Ивонин Денис Валерьевич;настольный теннис - это мы!;14.04.2021;отк ЧР-2021;08:00;отк КЧР Прем (м);44;;;;;;;;https://rttf.ru/players/2532
Артеменко Никита;настольный теннис - это мы!;19.06.2022;отк КЧР Прем (м);08:00;отк КЧР Прем (м);44;;;;;;;;https://rttf.ru/players/2532
Артеменко Никита;настольный теннис - это мы!;06.02.2022;отк КЧР Прем (м);08:00;отк КЧР Прем (м);48;;;;;;;;https://rttf.ru/players/2532
Артеменко Никита;настольный теннис - это мы!;23.12.2021;отк КЧР Прем (м);08:00;отк КЧР Прем (м);44;;;;;;;;https://rttf.ru/players/2532
Артеменко Никита;настольный теннис - это мы!;17.10.2021;отк КЧР Прем (м);10:00;отк КЧР Прем (м);28;;;;;;;;https://rttf.ru/players/2532
Артеменко Никита;настольный теннис - это мы!;13.06.2021;отк КЧР Прем (м);10:00;отк КЧР Прем (м);46;;;;;;;;https://rttf.ru/players/2532
Артеменко Никита;настольный теннис - это мы!;20.05.2021;отк КЧР Прем (м);11:00;отк ЧР-2021;63;;;;;;;;https://rttf.ru/players/2532
Артеменко Никита;настольный теннис - это мы!;18.04.2021;отк ЧР-2021;10:00;отк КЧР Прем (м);50;;;;;;;;https://rttf.ru/players/13967
Артеменко Никита;настольный теннис - это мы!;14.04.2021;отк ЧР-2021;10:00;отк КЧР Прем (м);46;;;;;;;;https://rttf.ru/players/13967
Артеменко Никита;настольный теннис - это мы!;25.02.2021;отк КЧР Прем (м);09:30;750 ФилиТТ;4;;;;;;;;https://rttf.ru/players/13967
Артеменко Никита;настольный теннис - это мы!;23.12.2020;23.12.2020 отк КЧР Прем (м);15:30;отк ФилиТТ;49;15:50;;;;;;;https://rttf.ru/players/13967
Гусев Арсений Эдуардович;настольный теннис - это мы!;22.12.2022;отк КЧР Прем (м);10:00;отк КЧР Прем (м);28;;;;;;;;https://rttf.ru/players/13967
Гусев Арсений Эдуардович;настольный теннис - это мы!;27.10.2022;отк КЧР Прем (м);10:00;отк Dubna open;55;;;;;;;;https://rttf.ru/players/13967
Гусев Арсений Эдуардович;настольный теннис - это мы!;13.06.2021;отк КЧР Прем (м);08:00;отк КЧР Прем (м);44;;;;;;;;https://rttf.ru/players/13967
Гусев Арсений Эдуардович;настольный теннис - это мы!;18.04.2021;отк ЧР-2021;15:30;отк ФилиТТ;52;15:53;;;;;;;https://rttf.ru/players/13967
Гусев Арсений Эдуардович;настольный теннис - это мы!;14.04.2021;отк ЧР-2021;15:30;отк ФилиТТ;54;15:52;;;;;;;https://rttf.ru/players/13967
Гусев Арсений Эдуардович;настольный теннис - это мы!;26.07.2020;26.07.2020 отк ТОП-16 муж;15:30;отк ФилиТТ;60;15:57;;;;;;;https://rttf.ru/players/13967
Жуков Алексей Александрович;настольный теннис - это мы!;22.12.2022;отк КЧР Прем (м);10:00;отк КЧР Прем (м);28;;;;;;;;https://rttf.ru/players/27232
Жуков Алексей Александрович;настольный теннис - это мы!;27.10.2022;отк КЧР Прем (м);10:00;отк КЧР Прем (м);46;;;;;;;;https://rttf.ru/players/27232
Жуков Алексей Александрович;настольный теннис - это мы!;19.06.2022;отк КЧР Прем (м);11:00;отк ЧР-2021;63;;;;;;;;https://rttf.ru/players/27232
Жуков Алексей Александрович;настольный теннис - это мы!;15.05.2022;отк КЧР Прем (м);10:00;отк КЧР Прем (м);46;;;;;;;;https://rttf.ru/players/27232
Жуков Алексей Александрович;настольный теннис - это мы!;06.02.2022;отк КЧР Прем (м);17:30;350+ New Holland;42;18:05;;;;;;;https://rttf.ru/players/72859
Жуков Алексей Александрович;настольный теннис - это мы!;23.12.2021;отк КЧР Прем (м);15:30;отк ФилиТТ;61;16:05;;;;;;;https://rttf.ru/players/72859
Жуков Алексей Александрович;настольный теннис - это мы!;17.10.2021;отк КЧР Прем (м);16:00;отк V2 TTC;13;16:04;;;;;;;https://rttf.ru/players/72859
Жуков Алексей Александрович;настольный теннис - это мы!;13.06.2021;отк КЧР Прем (м);15:30;отк ФилиТТ;42;15:51;;;;;;;https://rttf.ru/players/72859
Жуков Алексей Александрович;настольный теннис - это мы!;20.05.2021;отк КЧР Прем (м);10:00;отк КЧР Прем (м);50;;;;;;;;https://rttf.ru/players/72859
Жуков Алексей Александрович;настольный теннис - это мы!;18.04.2021;отк ЧР-2021;14:30;отк V2 TTC;23;14:37;;;;;;;https://rttf.ru/players/72859
Байбулдин Андрей Сергеевич;настольный теннис - это мы!;22.12.2022;отк КЧР Прем (м);14:30;отк V2 TTC;22;14:39;;;;;;;https://rttf.ru/players/72859
Байбулдин Андрей Сергеевич;настольный теннис - это мы!;27.10.2022;отк КЧР Прем (м);13:00;отк V2 TTC;22;13:05;;;;;;;https://rttf.ru/players/72859
Байбулдин Андрей Сергеевич;настольный теннис - это мы!;17.10.2022;750 ФилиТТ;13:00;отк V2 TTC;18;13:09;;;;;;;https://rttf.ru/players/72859
Байбулдин Андрей Сергеевич;настольный теннис - это мы!;17.09.2022;отк ФилиТТ;17:30;300+ New Holland;39;18:24;;;;;;;https://rttf.ru/players/72859
Байбулдин Андрей Сергеевич;настольный теннис - это мы!;19.06.2022;отк КЧР Прем (м);18:00;1500+ Лига ПРО;5;19:03;;;;;;;https://rttf.ru/players/64700
Байбулдин Андрей Сергеевич;настольный теннис - это мы!;18.06.2022;отк Dubna open;18:00;1500+ Лига ПРО;5;18:00;;;;;;;https://rttf.ru/players/64700
Байбулдин Андрей Сергеевич;настольный теннис - это мы!;15.05.2022;отк КЧР Прем (м);18:00;1500+ Лига ПРО;5;18:31;;;;;;;https://rttf.ru/players/64700
Байбулдин Андрей Сергеевич;настольный теннис - это мы!;07.05.2022;отк ФилиТТ;18:00;1500+ Лига ПРО;5;18:30;;;;;;;https://rttf.ru/players/64700
Байбулдин Андрей Сергеевич;настольный теннис - это мы!;23.04.2022;отк ФилиТТ;18:00;1500+ Лига ПРО;5;18:01;;;;;;;https://rttf.ru/players/64700
Байбулдин Андрей Сергеевич;настольный теннис - это мы!;16.04.2022;отк ФилиТТ;18:00;1500+ Лига ПРО;5;;;;;;;;https://rttf.ru/players/64700
Федотов Пётр;настольный теннис - это мы!;13.06.2021;отк КЧР Прем (м);18:00;1500+ Лига ПРО;5;18:01;;;;;;;https://rttf.ru/players/64700
Федотов Пётр;настольный теннис - это мы!;20.05.2021;отк КЧР Прем (м);18:00;1500+ Лига ПРО;5;17:58;;;;;;;https://rttf.ru/players/64700
Федотов Пётр;настольный теннис - это мы!;18.04.2021;отк ЧР-2021;18:00;1300-1500 Лига ПРО;5;18:34;;;;;;;https://rttf.ru/players/64700
Федотов Пётр;настольный теннис - это мы!;25.02.2021;отк КЧР Прем (м);18:00;1300-1500 Лига ПРО;5;18:58;;;;;;;https://rttf.ru/players/64700
Федотов Пётр;настольный теннис - это мы!;23.12.2020;23.12.2020 отк КЧР Прем (м);17:30;отк ФилиТТ;65;17:58;;;;;;;https://rttf.ru/players/91916
Мошков Никита Алексеевич;настольный теннис - это мы!;18.02.2023;350+ New Holland;10:00;отк КЧР Прем (м);28;;;;;;;;https://rttf.ru/players/91916
Мошков Никита Алексеевич;настольный теннис - это мы!;11.02.2023;отк ФилиТТ;10:00;отк КЧР Прем (м);46;;;;;;;;https://rttf.ru/players/91916
Мошков Никита Алексеевич;настольный теннис - это мы!;25.12.2022;отк V2 TTC;10:00;отк КЧР Прем (м);50;;;;;;;;https://rttf.ru/players/4271
Мошков Никита Алексеевич;настольный теннис - это мы!;24.12.2022;отк ФилиТТ;10:00;отк КЧР Прем (м);46;;;;;;;;https://rttf.ru/players/4271
Мошков Никита Алексеевич;настольный теннис - это мы!;22.12.2022;отк КЧР Прем (м);10:00;отк КЧР Прем (м);28;;;;;;;;https://rttf.ru/players/4271
Мошков Никита Алексеевич;настольный теннис - это мы!;10.12.2022;отк V2 TTC;08:00;отк КЧР Прем (м);44;;;;;;;;https://rttf.ru/players/4271
Мошков Никита Алексеевич;настольный теннис - это мы!;03.12.2022;отк V2 TTC;08:00;отк КЧР Прем (м);44;;;;;;;;https://rttf.ru/players/4271
Мошков Никита Алексеевич;настольный теннис - это мы!;26.11.2022;отк V2 TTC;08:00;отк КЧР Прем (м);48;;;;;;;;https://rttf.ru/players/4271
Мошков Никита Алексеевич;настольный теннис - это мы!;20.11.2022;отк V2 TTC;08:00;отк КЧР Прем (м);44;;;;;;;;https://rttf.ru/players/4271
Мошков Никита Алексеевич;настольный теннис - это мы!;19.11.2022;300+ New Holland;10:00;отк КЧР Прем (м);28;;;;;;;;https://rttf.ru/players/4271
Чаплыгин Максим Михайлович;настольный теннис - это мы!;29.03.2019;1500+ Лига ПРО;10:00;отк КЧР Прем (м);46;;;;;;;;https://rttf.ru/players/4271
Чаплыгин Максим Михайлович;настольный теннис - это мы!;28.03.2019;1500+ Лига ПРО;11:00;отк ЧР-2021;63;;;;;;;;https://rttf.ru/players/4271
Чаплыгин Максим Михайлович;настольный теннис - это мы!;29.01.2019;1500+ Лига ПРО;10:00;1400+ Лига ПРО;5;10:41;;;;;;;https://rttf.ru/players/25942
Чаплыгин Максим Михайлович;настольный теннис - это мы!;28.01.2019;1500+ Лига ПРО;10:00;1500+ Лига ПРО;5;09:59;;;;;;;https://rttf.ru/players/25942
Чаплыгин Максим Михайлович;настольный теннис - это мы!;30.10.2018;1500+ Лига ПРО;10:00;1500+ Лига ПРО;5;10:34;;;;;;;https://rttf.ru/players/25942
Чаплыгин Максим Михайлович;настольный теннис - это мы!;26.04.2018;1500+ Лига ПРО;10:00;отк КЧР Прем (м);50;;;;;;;;https://rttf.ru/players/49565
Чаплыгин Максим Михайлович;настольный теннис - это мы!;14.03.2018;1500+ Лига ПРО;10:00;отк КЧР Прем (м);46;;;;;;;;https://rttf.ru/players/49565
Чаплыгин Максим Михайлович;настольный теннис - это мы!;12.03.2018;1500+ Лига ПРО;10:00;отк КЧР Прем (м);50;;;;;;;;https://rttf.ru/players/88890
Чаплыгин Максим Михайлович;настольный теннис - это мы!;07.02.2018;1300-1500 Лига ПРО;15:30;отк ФилиТТ;55;16:03;;;;;;;https://rttf.ru/players/88890
Чаплыгин Максим Михайлович;настольный теннис - это мы!;06.02.2018;1300-1500 Лига ПРО;17:30;300+ New Holland;31;17:49;;;;;;;https://rttf.ru/players/88890
Абусев Артур;настольный теннис - это мы!;18.06.2022;отк ФилиТТ;10:00;отк КЧР Прем (м);28;;;;;;;;https://rttf.ru/players/88890
Абусев Артур;настольный теннис - это мы!;13.06.2021;отк КЧР Прем (м);10:00;отк Newton arena;32;;;;;;;;https://rttf.ru/players/88890
Абусев Артур;настольный теннис - это мы!;25.02.2021;отк КЧР Прем (м);08:00;отк КЧР Прем (м);44;;;;;;;;https://rttf.ru/players/88890
Абусев Артур;настольный теннис - это мы!;23.12.2020;23.12.2020 отк КЧР Прем (м);18:00;отк ArtTT-Первом;23;18:06;;;;;;;https://rttf.ru/players/88890
Швец Кирилл;настольный теннис - это мы!;23.12.2020;23.12.2020 отк КЧР Прем (м);15:00;отк TTL-Савёл;39;15:54;;;;;;;https://rttf.ru/players/88890
Травин Данила Георгиевич;настольный теннис - это мы!;22.12.2022;отк КЧР Прем (м);08:00;отк КЧР Прем (м);48;;;;;;;;https://rttf.ru/players/88890
Травин Данила Георгиевич;настольный теннис - это мы!;27.10.2022;отк КЧР Прем (м);08:00;отк КЧР Прем (м);44;;;;;;;;https://rttf.ru/players/88890
Травин Данила Георгиевич;настольный теннис - это мы!;19.06.2022;отк КЧР Прем (м);11:00;отк УК Liga Pro;6;;;;;;;;https://rttf.ru/players/70529
Травин Данила Георгиевич;настольный теннис - это мы!;15.05.2022;отк КЧР Прем (м);15:00;отк УК Liga Pro;7;;;;;;;;https://rttf.ru/players/70529
Травин Данила Георгиевич;настольный теннис - это мы!;06.02.2022;отк КЧР Прем (м);12:00;отк УК Liga Pro;8;;;;;;;;https://rttf.ru/players/70529
Травин Данила Георгиевич;настольный теннис - это мы!;23.12.2021;отк КЧР Прем (м);10:00;отк КЧР Прем (м);28;;;;;;;;https://rttf.ru/players/70529
Травин Данила Георгиевич;настольный теннис - это мы!;17.10.2021;отк КЧР Прем (м);08:00;отк КЧР Прем (м);44;;;;;;;;https://rttf.ru/players/70529
Травин Данила Георгиевич;настольный теннис - это мы!;13.06.2021;отк КЧР Прем (м);08:00;отк КЧР Прем (м);44;;;;;;;;https://rttf.ru/players/70529
Травин Данила Георгиевич;настольный теннис - это мы!;20.05.2021;отк КЧР Прем (м);10:00;отк КЧР Прем (м);28;;;;;;;;https://rttf.ru/players/70529
Травин Данила Георгиевич;настольный теннис - это мы!;18.04.2021;отк ЧР-2021;10:00;отк КЧР Прем (м);46;;;;;;;;https://rttf.ru/players/70529
Майсторович Илие;настольный теннис - это мы!;28.06.2017;1400+ Лига ПРО;11:00;отк ЧР-2021;63;;;;;;;;https://rttf.ru/players/70529
Майсторович Илие;настольный теннис - это мы!;27.06.2017;1500+ Лига ПРО;10:00;отк КЧР Прем (м);46;;;;;;;;https://rttf.ru/players/70529
Майсторович Илие;настольный теннис - это мы!;26.06.2017;1500+ Лига ПРО;14:30;отк V2 TTC;34;15:01;;;;;;;https://rttf.ru/players/24280
Семенов Андрей;настольный теннис - это мы!;22.12.2022;отк КЧР Прем (м);10:00;отк КЧР Прем (м);50;;;;;;;;https://rttf.ru/players/24280
Семенов Андрей;настольный теннис - это мы!;27.10.2022;отк КЧР Прем (м);14:30;отк V2 TTC;23;14:51;;;;;;;https://rttf.ru/players/24280
Мерзликин Тарас Сергеевич;настольный теннис - это мы!;22.12.2022;отк КЧР Прем (м);13:00;отк V2 TTC;18;13:09;;;;;;;https://rttf.ru/players/24280
Мерзликин Тарас Сергеевич;настольный теннис - это мы!;30.07.2022;отк ФилиТТ;17:30;300+ New Holland;39;18:29;;;;;;;https://rttf.ru/players/24280
Мерзликин Тарас Сергеевич;настольный теннис - это мы!;16.07.2022;300+ New Holland;10:00;отк КЧР Прем (м);46;;;;;;;;https://rttf.ru/players/24280
Мерзликин Тарас Сергеевич;настольный теннис - это мы!;19.06.2022;отк КЧР Прем (м);10:00;отк КЧР Прем (м);28;;;;;;;;https://rttf.ru/players/24280
Мерзликин Тарас Сергеевич;настольный теннис - это мы!;23.02.2022;отк Newton arena;08:00;отк КЧР Прем (м);44;;;;;;;;https://rttf.ru/players/24280
Мерзликин Тарас Сергеевич;настольный теннис - это мы!;06.02.2022;отк КЧР Прем (м);10:00;отк Newton arena;32;;;;;;;;https://rttf.ru/players/24280
Мерзликин Тарас Сергеевич;настольный теннис - это мы!;16.01.2022;отк ArtTT-Первом;08:00;отк КЧР Прем (м);44;;;;;;;;https://rttf.ru/players/24280
Мерзликин Тарас Сергеевич;настольный теннис - это мы!;09.01.2022;отк TTL-Савёл;15:30;отк ФилиТТ;55;15:52;;;;;;;https://rttf.ru/players/65398
Мерзликин Тарас Сергеевич;настольный теннис - это мы!;23.12.2021;отк КЧР Прем (м);15:30;отк ФилиТТ;67;15:57;;;;;;;https://rttf.ru/players/65398
Мерзликин Тарас Сергеевич;настольный теннис - это мы!;17.10.2021;отк КЧР Прем (м);10:00;отк Newton arena;32;;;;;;;;https://rttf.ru/players/65398
Никулин Иван Владимирович;настольный теннис - это мы!;12.02.2023;отк УК Liga Pro;15:30;отк ФилиТТ;52;16:08;;;;;;;https://rttf.ru/players/65398
Никулин Иван Владимирович;настольный теннис - это мы!;15.01.2023;отк УК Liga Pro;19:30;отк ФилиТТ;34;19:59;;;;;;;https://rttf.ru/players/65398
Никулин Иван Владимирович;настольный теннис - это мы!;12.12.2022;отк УК Liga Pro;19:30;отк ФилиТТ;26;19:48;;;;;;;https://rttf.ru/players/65398
Никулин Иван Владимирович;настольный теннис - это мы!;19.06.2022;отк КЧР Прем (м);19:30;отк ФилиТТ;38;19:58;;;;;;;https://rttf.ru/players/65398
Никулин Иван Владимирович;настольный теннис - это мы!;15.05.2022;отк КЧР Прем (м);19:30;отк ФилиТТ;22;19:34;;;;;;;https://rttf.ru/players/65398
Никулин Иван Владимирович;настольный теннис - это мы!;17.10.2021;отк КЧР Прем (м);19:30;отк ФилиТТ;42;20:00;;;;;;;https://rttf.ru/players/65398
Никулин Иван Владимирович;настольный теннис - это мы!;13.06.2021;отк КЧР Прем (м);15:30;отк ФилиТТ;32;15:35;;;;;;;https://rttf.ru/players/65398
Никулин Иван Владимирович;настольный теннис - это мы!;20.05.2021;отк КЧР Прем (м);15:30;отк ФилиТТ;61;16:08;;;;;;;https://rttf.ru/players/28415
Никулин Иван Владимирович;настольный теннис - это мы!;18.04.2021;отк ЧР-2021;16:00;отк V2 TTC;13;16:04;;;;;;;https://rttf.ru/players/28415
Никулин Иван Владимирович;настольный теннис - это мы!;25.02.2021;отк КЧР Прем (м);10:00;отк КЧР Прем (м);50;;;;;;;;https://rttf.ru/players/28415
Двойников Артём Игоревич;настольный теннис - это мы!;18.02.2023;отк V2 TTC;14:30;отк V2 TTC;14;14:38;;;;;;;https://rttf.ru/players/28415
Двойников Артём Игоревич;настольный теннис - это мы!;22.12.2022;отк КЧР Прем (м);14:30;отк V2 TTC;23;14:53;;;;;;;https://rttf.ru/players/28415
Двойников Артём Игоревич;настольный теннис - это мы!;10.12.2022;отк V2 TTC;14:30;отк V2 TTC;22;14:38;;;;;;;https://rttf.ru/players/28415
Двойников Артём Игоревич;настольный теннис - это мы!;20.11.2022;отк V2 TTC;10:00;отк КЧР Прем (м);46;;;;;;;;https://rttf.ru/players/28415
Двойников Артём Игоревич;настольный теннис - это мы!;19.11.2022;300+ New Holland;15:30;отк ФилиТТ;67;15:33;;;;;;;https://rttf.ru/players/28415
Двойников Артём Игоревич;настольный теннис - это мы!;27.10.2022;отк КЧР Прем (м);15:30;отк ФилиТТ;57;16:03;;;;;;;https://rttf.ru/players/28415
Двойников Артём Игоревич;настольный теннис - это мы!;19.06.2022;отк КЧР Прем (м);15:30;отк ФилиТТ;53;16:19;;;;;;;https://rttf.ru/players/28415
Двойников Артём Игоревич;настольный теннис - это мы!;15.05.2022;отк КЧР Прем (м);15:00;отк ArtTT-Первом;39;16:08;;;;;;;https://rttf.ru/players/51636
Двойников Артём Игоревич;настольный теннис - это мы!;23.02.2022;отк Newton arena;18:00;отк ArtTT-Первом;19;18:30;;;;;;;https://rttf.ru/players/51636
Двойников Артём Игоревич;настольный теннис - это мы!;06.02.2022;отк КЧР Прем (м);19:30;отк ФилиТТ;31;19:49;;;;;;;https://rttf.ru/players/51636
Голованов Станислав;настольный теннис - это мы!;30.07.2022;отк ФилиТТ;18:00;отк ArtTT-Первом;15;18:23;;;;;;;https://rttf.ru/players/51636
Голованов Станислав;настольный теннис - это мы!;04.06.2022;отк ФилиТТ;18:00;отк ArtTT-Первом;8;18:06;;;;;;;https://rttf.ru/players/51636
Голованов Станислав;настольный теннис - это мы!;23.02.2022;отк Newton arena;18:00;отк ArtTT-Первом;23;18:25;;;;;;;https://rttf.ru/players/51636
Голованов Станислав;настольный теннис - это мы!;19.02.2022;отк ФилиТТ;19:30;отк ФилиТТ;22;19:33;;;;;;;https://rttf.ru/players/51636
Голованов Станислав;настольный теннис - это мы!;17.02.2022;отк ФилиТТ;18:00;отк ArtTT-Первом;12;18:42;;;;;;;https://rttf.ru/players/51636
Голованов Станислав;настольный теннис - это мы!;27.01.2022;отк ФилиТТ;15:30;отк TTL-Савёл;13;15:45;;;;;;;https://rttf.ru/players/51636
Голованов Станислав;настольный теннис - это мы!;20.01.2022;отк ФилиТТ;18:00;отк ArtTT-Первом;6;18:09;;;;;;;https://rttf.ru/players/51636
Голованов Станислав;настольный теннис - это мы!;13.01.2022;отк ФилиТТ;10:00;отк КЧР Прем (м);50;;;;;;;;https://rttf.ru/players/95906
Голованов Станислав;настольный теннис - это мы!;23.12.2021;отк ФилиТТ;10:00;отк КЧР Прем (м);46;;;;;;;;https://rttf.ru/players/95906
Голованов Станислав;настольный теннис - это мы!;18.12.2021;отк ФилиТТ;09:30;750 ФилиТТ;4;;;;;;;;https://rttf.ru/players/95906
Боков Максим Андреевич;настольный теннис - это мы!;11.02.2023;отк ФилиТТ;16:30;300+ New Holland;32;16:47;;;;;;;https://rttf.ru/players/95906
Боков Максим Андреевич;настольный теннис - это мы!;25.12.2022;отк V2 TTC;17:30;300+ New Holland;31;17:49;;;;;;;https://rttf.ru/players/95906
Боков Максим Андреевич;настольный теннис - это мы!;22.12.2022;отк КЧР Прем (м);10:00;отк КЧР Прем (м);28;;;;;;;;https://rttf.ru/players/95906
Боков Максим Андреевич;настольный теннис - это мы!;17.12.2022;отк V2 TTC;15:30;отк ФилиТТ;68;16:05;;;;;;;https://rttf.ru/players/95906
Боков Максим Андреевич;настольный теннис - это мы!;10.12.2022;отк V2 TTC;08:00;отк КЧР Прем (м);44;;;;;;;;https://rttf.ru/players/95906
Боков Максим Андреевич;настольный теннис - это мы!;03.12.2022;отк V2 TTC;15:00;отк ArtTT-Первом;39;16:53;;;;;;;https://rttf.ru/players/95906
Боков Максим Андреевич;настольный теннис - это мы!;27.10.2022;отк КЧР Прем (м);10:00;отк Newton arena;32;;;;;;;;https://rttf.ru/players/95906
Боков Максим Андреевич;настольный теннис - это мы!;01.10.2022;отк ФилиТТ;10:00;отк КЧР Прем (м);50;;;;;;;;https://rttf.ru/players/84507
Боков Максим Андреевич;настольный теннис - это мы!;20.08.2022;отк ФилиТТ;10:00;отк КЧР Прем (м);46;;;;;;;;https://rttf.ru/players/84507
Боков Максим Андреевич;настольный теннис - это мы!;13.08.2022;отк ФилиТТ;10:00;отк КЧР Прем (м);28;;;;;;;;https://rttf.ru/players/84507
Бобров Дмитрий Анатольевич;настольный теннис - это мы!;09.05.2022;отк ArtTT-Первом;08:00;отк КЧР Прем (м);44;;;;;;;;https://rttf.ru/players/84507
Бобров Дмитрий Анатольевич;настольный теннис - это мы!;13.02.2022;отк ArtTT-Первом;08:00;отк КЧР Прем (м);44;;;;;;;;https://rttf.ru/players/84507
Бобров Дмитрий Анатольевич;настольный теннис - это мы!;03.02.2022;отк ФилиТТ;08:00;отк КЧР Прем (м);48;;;;;;;;https://rttf.ru/players/84507
Бобров Дмитрий Анатольевич;настольный теннис - это мы!;30.01.2022;отк ArtTT-Первом;08:00;отк КЧР Прем (м);44;;;;;;;;https://rttf.ru/players/84507
Бобров Дмитрий Анатольевич;настольный теннис - это мы!;23.01.2022;отк ArtTT-Первом;10:00;отк КЧР Прем (м);28;;;;;;;;https://rttf.ru/players/84507
Бобров Дмитрий Анатольевич;настольный теннис - это мы!;16.01.2022;отк ArtTT-Первом;10:00;отк КЧР Прем (м);46;;;;;;;;https://rttf.ru/players/84507
Бобров Дмитрий Анатольевич;настольный теннис - это мы!;13.01.2022;отк ФилиТТ;11:00;отк ЧР-2021;63;;;;;;;;https://rttf.ru/players/84507
Бобров Дмитрий Анатольевич;настольный теннис - это мы!;09.01.2022;отк ArtTT-Первом;10:00;отк КЧР Прем (м);50;;;;;;;;https://rttf.ru/players/70528
Бобров Дмитрий Анатольевич;настольный теннис - это мы!;02.01.2022;отк TTL-Савёл;10:00;отк КЧР Прем (м);46;;;;;;;;https://rttf.ru/players/70528
Бобров Дмитрий Анатольевич;настольный теннис - это мы!;26.12.2021;отк ArtTT-Первом;10:00;отк КЧР Прем (м);28;;;;;;;;https://rttf.ru/players/70528
Макаров Владислав Александрович;настольный теннис - это мы!;22.12.2022;отк КЧР Прем (м);08:00;отк КЧР Прем (м);44;;;;;;;;https://rttf.ru/players/70528
Макаров Владислав Александрович;настольный теннис - это мы!;27.10.2022;отк КЧР Прем (м);08:00;отк КЧР Прем (м);44;;;;;;;;https://rttf.ru/players/70528
Макаров Владислав Александрович;настольный теннис - это мы!;17.10.2022;750 ФилиТТ;08:00;отк КЧР Прем (м);48;;;;;;;;https://rttf.ru/players/70528
Макаров Владислав Александрович;настольный теннис - это мы!;20.08.2022;300+ New Holland;08:00;отк КЧР Прем (м);44;;;;;;;;https://rttf.ru/players/70528
Макаров Владислав Александрович;настольный теннис - это мы!;16.07.2022;300+ New Holland;10:00;отк КЧР Прем (м);28;;;;;;;;https://rttf.ru/players/70528
Макаров Владислав Александрович;настольный теннис - это мы!;19.06.2022;отк КЧР Прем (м);10:00;отк КЧР Прем (м);46;;;;;;;;https://rttf.ru/players/70528
Макаров Владислав Александрович;настольный теннис - это мы!;11.06.2022;отк ФилиТТ;11:00;отк ЧР-2021;63;;;;;;;;https://rttf.ru/players/70528
Макаров Владислав Александрович;настольный теннис - это мы!;15.05.2022;отк КЧР Прем (м);10:00;отк КЧР Прем (м);50;;;;;;;;https://rttf.ru/players/29256
Макаров Владислав Александрович;настольный теннис - это мы!;09.05.2022;отк ArtTT-Первом;10:00;отк КЧР Прем (м);46;;;;;;;;https://rttf.ru/players/29256
Макаров Владислав Александрович;настольный теннис - это мы!;23.02.2022;отк Newton arena;08:00;отк КЧР Прем (м);44;;;;;;;;https://rttf.ru/players/29256
Фильчев Сергей Анатольевич;настольный теннис - это мы!;22.12.2022;отк КЧР Прем (м);08:00;отк КЧР Прем (м);44;;;;;;;;https://rttf.ru/players/29256
Фильчев Сергей Анатольевич;настольный теннис - это мы!;27.10.2022;отк КЧР Прем (м);08:00;отк КЧР Прем (м);48;;;;;;;;https://rttf.ru/players/29256
Фильчев Сергей Анатольевич;настольный теннис - это мы!;19.06.2022;отк КЧР Прем (м);08:00;отк КЧР Прем (м);44;;;;;;;;https://rttf.ru/players/29256
Фильчев Сергей Анатольевич;настольный теннис - это мы!;15.05.2022;отк КЧР Прем (м);10:00;отк КЧР Прем (м);46;;;;;;;;https://rttf.ru/players/29256
Фильчев Сергей Анатольевич;настольный теннис - это мы!;06.02.2022;отк КЧР Прем (м);10:00;отк КЧР Прем (м);46;;;;;;;;https://rttf.ru/players/29256
Фильчев Сергей Анатольевич;настольный теннис - это мы!;23.12.2021;отк КЧР Прем (м);10:00;отк КЧР Прем (м);50;;;;;;;;https://rttf.ru/players/30613
Фильчев Сергей Анатольевич;настольный теннис - это мы!;17.10.2021;отк КЧР Прем (м);10:00;отк КЧР Прем (м);46;;;;;;;;https://rttf.ru/players/30613
Фильчев Сергей Анатольевич;настольный теннис - это мы!;13.06.2021;отк КЧР Прем (м);10:00;отк КЧР Прем (м);28;;;;;;;;https://rttf.ru/players/30613
Фильчев Сергей Анатольевич;настольный теннис - это мы!;20.05.2021;отк КЧР Прем (м);08:00;отк КЧР Прем (м);44;;;;;;;;https://rttf.ru/players/30613
Фильчев Сергей Анатольевич;настольный теннис - это мы!;18.04.2021;отк ЧР-2021;08:00;отк КЧР Прем (м);44;;;;;;;;https://rttf.ru/players/30613
Тютрюмов Александр Сергеевич;настольный теннис - это мы!;22.12.2022;отк КЧР Прем (м);08:00;отк КЧР Прем (м);48;;;;;;;;https://rttf.ru/players/30613
Тютрюмов Александр Сергеевич;настольный теннис - это мы!;27.10.2022;отк КЧР Прем (м);08:00;отк КЧР Прем (м);44;;;;;;;;https://rttf.ru/players/30613
Тютрюмов Александр Сергеевич;настольный теннис - это мы!;19.06.2022;отк КЧР Прем (м);10:00;отк КЧР Прем (м);28;;;;;;;;https://rttf.ru/players/30613
Тютрюмов Александр Сергеевич;настольный теннис - это мы!;15.05.2022;отк КЧР Прем (м);10:00;отк КЧР Прем (м);46;;;;;;;;https://rttf.ru/players/30613
Тютрюмов Александр Сергеевич;настольный теннис - это мы!;06.02.2022;отк КЧР Прем (м);11:00;отк ЧР-2021;63;;;;;;;;https://rttf.ru/players/30613
Тютрюмов Александр Сергеевич;настольный теннис - это мы!;23.12.2021;отк КЧР Прем (м);18:00;отк СВФУ;9;18:23;;;;;;;https://rttf.ru/players/9669
Тютрюмов Александр Сергеевич;настольный теннис - это мы!;17.10.2021;отк КЧР Прем (м);08:00;отк КЧР Прем (м);44;;;;;;;;https://rttf.ru/players/9669
Тютрюмов Александр Сергеевич;настольный теннис - это мы!;13.06.2021;отк КЧР Прем (м);08:00;отк КЧР Прем (м);44;;;;;;;;https://rttf.ru/players/9669
Тютрюмов Александр Сергеевич;настольный теннис - это мы!;20.05.2021;отк КЧР Прем (м);08:00;отк КЧР Прем (м);48;;;;;;;;https://rttf.ru/players/9669
Тютрюмов Александр Сергеевич;настольный теннис - это мы!;18.04.2021;отк ЧР-2021;08:00;отк КЧР Прем (м);44;;;;;;;;https://rttf.ru/players/9669
Ахметсафин Дамир;настольный теннис - это мы!;22.12.2022;отк КЧР Прем (м);10:00;отк Волгарь;24;;;;;;;;https://rttf.ru/players/9669
Ахметсафин Дамир;настольный теннис - это мы!;27.10.2022;отк КЧР Прем (м);10:00;отк КЧР Прем (м);46;;;;;;;;https://rttf.ru/players/9669
Ахметсафин Дамир;настольный теннис - это мы!;15.05.2022;отк КЧР Прем (м);11:00;отк ЧР-2021;63;;;;;;;;https://rttf.ru/players/9669
Ахметсафин Дамир;настольный теннис - это мы!;06.02.2022;отк КЧР Прем (м);11:00;отк ЧР-2021;54;;;;;;;;https://rttf.ru/players/9669
Ахметсафин Дамир;настольный теннис - это мы!;23.12.2021;отк КЧР Прем (м);10:00;отк КЧР Прем (м);46;;;;;;;;https://rttf.ru/players/9669
Ахметсафин Дамир;настольный теннис - это мы!;17.10.2021;отк КЧР Прем (м);10:00;отк КЧР Прем (м);50;;;;;;;;https://rttf.ru/players/25205
Ахметсафин Дамир;настольный теннис - это мы!;20.05.2021;отк КЧР Прем (м);10:00;отк КЧР Прем (м);46;;;;;;;;https://rttf.ru/players/25205
Ахметсафин Дамир;настольный теннис - это мы!;25.02.2021;отк КЧР Прем (м);08:00;отк КЧР Прем (м);44;;;;;;;;https://rttf.ru/players/25205
Ахметсафин Дамир;настольный теннис - это мы!;23.12.2020;23.12.2020 отк КЧР Прем (м);08:00;отк КЧР Прем (м);44;;;;;;;;https://rttf.ru/players/25205
Левшин Виталий;настольный теннис - это мы!;02.09.2018;02.09.2018 отк ArtTT-Прео;08:00;отк КЧР Прем (м);48;;;;;;;;https://rttf.ru/players/25205
Котов Антон;настольный теннис - это мы!;22.12.2022;отк КЧР Прем (м);08:00;отк КЧР Прем (м);44;;;;;;;;https://rttf.ru/players/25205
Котов Антон;настольный теннис - это мы!;27.10.2022;отк КЧР Прем (м);10:00;отк КЧР Прем (м);28;;;;;;;;https://rttf.ru/players/25205
Котов Антон;настольный теннис - это мы!;19.06.2022;отк КЧР Прем (м);10:00;отк КЧР Прем (м);46;;;;;;;;https://rttf.ru/players/25205
Котов Антон;настольный теннис - это мы!;15.05.2022;отк КЧР Прем (м);11:00;отк ЧР-2021;54;;;;;;;;https://rttf.ru/players/25205
Котов Антон;настольный теннис - это мы!;06.02.2022;отк КЧР Прем (м);10:00;отк КЧР Прем (м);46;;;;;;;;https://rttf.ru/players/25205
Котов Антон;настольный теннис - это мы!;23.12.2021;отк КЧР Прем (м);10:00;отк КЧР Прем (м);50;;;;;;;;https://rttf.ru/players/72828
Котов Антон;настольный теннис - это мы!;17.10.2021;отк КЧР Прем (м);10:00;отк КЧР Прем (м);46;;;;;;;;https://rttf.ru/players/72828
Котов Антон;настольный теннис - это мы!;13.06.2021;отк КЧР Прем (м);10:00;отк КЧР Прем (м);28;;;;;;;;https://rttf.ru/players/72828
Котов Антон;настольный теннис - это мы!;20.05.2021;отк КЧР Прем (м);08:00;отк КЧР Прем (м);44;;;;;;;;https://rttf.ru/players/72828
Котов Антон;настольный теннис - это мы!;18.04.2021;отк ЧР-2021;08:00;отк КЧР Прем (м);48;;;;;;;;https://rttf.ru/players/72828
Гаврилов Денис Михайлович;настольный теннис - это мы!;23.06.2022;отк СВФУ;08:00;отк КЧР Прем (м);44;;;;;;;;https://rttf.ru/players/72828
Гаврилов Денис Михайлович;настольный теннис - это мы!;15.05.2022;отк КЧР Прем (м);10:00;отк КЧР Прем (м);28;;;;;;;;https://rttf.ru/players/72828
Гаврилов Денис Михайлович;настольный теннис - это мы!;06.02.2022;отк КЧР Прем (м);10:00;отк КЧР Прем (м);46;;;;;;;;https://rttf.ru/players/72828
Гаврилов Денис Михайлович;настольный теннис - это мы!;23.12.2021;отк КЧР Прем (м);11:00;отк ЧР-2021;63;;;;;;;;https://rttf.ru/players/72828
Гаврилов Денис Михайлович;настольный теннис - это мы!;17.10.2021;отк КЧР Прем (м);11:00;отк ЧР-2021;54;;;;;;;;https://rttf.ru/players/72828
Гаврилов Денис Михайлович;настольный теннис - это мы!;23.05.2021;отк Волгарь;11:00;отк ЧР-2021;54;;;;;;;;https://rttf.ru/players/49564
Гаврилов Денис Михайлович;настольный теннис - это мы!;20.05.2021;отк КЧР Прем (м);10:00;отк КЧР Прем (м);29;;;;;;;;https://rttf.ru/players/49564
Гаврилов Денис Михайлович;настольный теннис - это мы!;18.04.2021;отк ЧР-2021;08:00;отк КЧР Прем (м);43;;;;;;;;https://rttf.ru/players/49564
Гаврилов Денис Михайлович;настольный теннис - это мы!;14.04.2021;отк ЧР-2021;08:00;отк КЧР Прем (м);42;;;;;;;;https://rttf.ru/players/49564
Гаврилов Денис Михайлович;настольный теннис - это мы!;25.02.2021;отк КЧР Прем (м);10:00;отк КЧР Прем (м);45;;;;;;;;https://rttf.ru/players/49564
Тарутин Павел Константинович;настольный теннис - это мы!;22.12.2022;отк КЧР Прем (м);10:00;отк КЧР Прем (м);45;;;;;;;;https://rttf.ru/players/49564
Тарутин Павел Константинович;настольный теннис - это мы!;27.10.2022;отк КЧР Прем (м);17:30;300+ New Holland;49;18:10;;;;;;;https://rttf.ru/players/25740
Тарутин Павел Константинович;настольный теннис - это мы!;15.05.2022;отк КЧР Прем (м);10:00;отк КЧР Суп (м);57;;;;;;;;https://rttf.ru/players/25740
Тарутин Павел Константинович;настольный теннис - это мы!;06.02.2022;отк КЧР Прем (м);17:30;300+ New Holland;39;18:41;;;;;;;https://rttf.ru/players/25740
Тарутин Павел Константинович;настольный теннис - это мы!;23.12.2021;отк КЧР Прем (м);13:00;отк V2 TTC;39;13:45;;;;;;;https://rttf.ru/players/25740
Тарутин Павел Константинович;настольный теннис - это мы!;17.10.2021;отк КЧР Прем (м);10:00;отк КЧР Суп (м);58;;;;;;;;https://rttf.ru/players/25740
Тарутин Павел Константинович;настольный теннис - это мы!;13.06.2021;отк КЧР Прем (м);15:00;отк ФилиТТ;4;;;;;;;;https://rttf.ru/players/25740
Тарутин Павел Константинович;настольный теннис - это мы!;20.05.2021;отк КЧР Прем (м);17:30;300+ New Holland;42;18:05;;;;;;;https://rttf.ru/players/25740
Тарутин Павел Константинович;настольный теннис - это мы!;14.04.2021;отк ЧР-2021;15:30;отк ФилиТТ;67;15:59;;;;;;;https://rttf.ru/players/25740
Тарутин Павел Константинович;настольный теннис - это мы!;25.02.2021;отк КЧР Прем (м);15:30;отк ФилиТТ;50;16:10;;;;;;;https://rttf.ru/players/25740
Исаков Илья Павлович;настольный теннис - это мы!;22.12.2022;отк КЧР Прем (м);15:30;отк ФилиТТ;69;16:05;;;;;;;https://rttf.ru/players/25740
Исаков Илья Павлович;настольный теннис - это мы!;27.10.2022;отк КЧР Прем (м);10:00;отк Newton arena;32;;;;;;;;https://rttf.ru/players/83766
Исаков Илья Павлович;настольный теннис - это мы!;19.06.2022;отк КЧР Прем (м);10:00;отк КЧР Прем (м);46;;;;;;;;https://rttf.ru/players/83766
Исаков Илья Павлович;настольный теннис - это мы!;15.05.2022;отк КЧР Прем (м);11:00;отк ЧР-2021;63;;;;;;;;https://rttf.ru/players/83766
Исаков Илья Павлович;настольный теннис - это мы!;23.12.2021;отк КЧР Прем (м);10:00;отк КЧР Прем (м);46;;;;;;;;https://rttf.ru/players/83766
Исаков Илья Павлович;настольный теннис - это мы!;17.10.2021;отк КЧР Прем (м);10:00;отк КЧР Прем (м);29;;;;;;;;https://rttf.ru/players/32337
Исаков Илья Павлович;настольный теннис - это мы!;13.06.2021;отк КЧР Прем (м);08:00;отк КЧР Прем (м);43;;;;;;;;https://rttf.ru/players/32337
Исаков Илья Павлович;настольный теннис - это мы!;20.05.2021;отк КЧР Прем (м);08:00;отк КЧР Прем (м);42;;;;;;;;https://rttf.ru/players/32337
Исаков Илья Павлович;настольный теннис - это мы!;18.04.2021;отк ЧР-2021;10:00;отк КЧР Прем (м);45;;;;;;;;https://rttf.ru/players/32337
Исаков Илья Павлович;настольный теннис - это мы!;14.04.2021;отк ЧР-2021;10:00;отк КЧР Прем (м);45;;;;;;;;https://rttf.ru/players/32337
Киселев Максим;настольный теннис - это мы!;14.04.2021;отк ЧР-2021;10:00;отк КЧР Прем (м);50;;;;;;;;https://rttf.ru/players/25899
Киселев Максим;настольный теннис - это мы!;26.05.2019;отк КЧР Прем (м);10:00;отк КЧР Прем (м);46;;;;;;;;https://rttf.ru/players/25899
Киселев Максим;настольный теннис - это мы!;17.03.2019;отк КЧР Прем (м);08:00;отк КЧР Прем (м);44;;;;;;;;https://rttf.ru/players/25899
Киселев Максим;настольный теннис - это мы!;21.02.2019;отк КЧР Прем (м);08:00;отк КЧР Прем (м);48;;;;;;;;https://rttf.ru/players/25899
Киселев Максим;настольный теннис - это мы!;23.12.2018;отк КЧР Прем (м);08:00;отк КЧР Прем (м);44;;;;;;;;https://rttf.ru/players/25899
Киселев Максим;настольный теннис - это мы!;25.11.2018;отк КЧР Прем (м);10:00;отк КЧР Прем (м);28;;;;;;;;https://rttf.ru/players/25899
Шамин Илья Сергеевич;настольный теннис - это мы!;21.01.2023;300+ New Holland;10:00;отк КЧР Прем (м);46;;;;;;;;https://rttf.ru/players/25899
Шамин Илья Сергеевич;настольный теннис - это мы!;15.12.2022;отк КЧР Суп (м);11:00;отк ЧР-2021;63;;;;;;;;https://rttf.ru/players/25899
Шамин Илья Сергеевич;настольный теннис - это мы!;19.11.2022;300+ New Holland;11:00;отк ЧР-2021;54;;;;;;;;https://rttf.ru/players/25899
Шамин Илья Сергеевич;настольный теннис - это мы!;12.11.2022;отк V2 TTC;10:00;отк КЧР Прем (м);46;;;;;;;;https://rttf.ru/players/25899
Шамин Илья Сергеевич;настольный теннис - это мы!;23.10.2022;отк КЧР Суп (м);10:00;отк КЧР Прем (м);50;;;;;;;;https://rttf.ru/players/25900
Шамин Илья Сергеевич;настольный теннис - это мы!;17.10.2022;отк ФилиТТ;10:00;отк КЧР Прем (м);46;;;;;;;;https://rttf.ru/players/25900
Шамин Илья Сергеевич;настольный теннис - это мы!;15.10.2022;300+ New Holland;10:00;отк КЧР Прем (м);28;;;;;;;;https://rttf.ru/players/25900
Шамин Илья Сергеевич;настольный теннис - это мы!;01.10.2022;отк ФилиТТ;08:00;отк КЧР Прем (м);44;;;;;;;;https://rttf.ru/players/25900
Шамин Илья Сергеевич;настольный теннис - это мы!;10.09.2022;отк ФилиТТ;08:00;отк КЧР Прем (м);44;;;;;;;;https://rttf.ru/players/25900
Шамин Илья Сергеевич;настольный теннис - это мы!;03.09.2022;отк ФилиТТ;08:00;отк КЧР Прем (м);48;;;;;;;;https://rttf.ru/players/25900
Гладышев Михаил Владимирович;настольный теннис - это мы!;23.02.2022;отк Newton arena;08:00;отк КЧР Прем (м);44;;;;;;;;https://rttf.ru/players/25900
Гладышев Михаил Владимирович;настольный теннис - это мы!;20.05.2021;отк КЧР Прем (м);10:00;отк КЧР Прем (м);46;;;;;;;;https://rttf.ru/players/25900
Гладышев Михаил Владимирович;настольный теннис - это мы!;18.04.2021;отк ЧР-2021;11:00;отк ЧР-2021;63;;;;;;;;https://rttf.ru/players/25900
Гладышев Михаил Владимирович;настольный теннис - это мы!;25.02.2021;отк КЧР Прем (м);11:00;отк ЧР-2021;54;;;;;;;;https://rttf.ru/players/25900
Гладышев Михаил Владимирович;настольный теннис - это мы!;23.12.2020;23.12.2020 отк КЧР Прем (м);15:00;отк УК Liga Pro;7;;;;;;;;https://rttf.ru/players/63708
Хрипуненко Павел Викторович;настольный теннис - это мы!;26.05.2019;отк КЧР Прем (м);10:00;отк КЧР Суп (м);44;;;;;;;;https://rttf.ru/players/63708
Хрипуненко Павел Викторович;настольный теннис - это мы!;17.03.2019;отк КЧР Прем (м);10:00;отк КЧР Суп (м);44;;;;;;;;https://rttf.ru/players/63708
Хрипуненко Павел Викторович;настольный теннис - это мы!;21.02.2019;отк КЧР Прем (м);10:00;отк КЧР Суп (м);44;;;;;;;;https://rttf.ru/players/63708
Хрипуненко Павел Викторович;настольный теннис - это мы!;23.12.2018;отк КЧР Прем (м);10:00;отк КЧР Суп (м);41;;;;;;;;https://rttf.ru/players/63708
Хрипуненко Павел Викторович;настольный теннис - это мы!;25.11.2018;отк КЧР Прем (м);17:30;300+ New Holland;49;18:20;;;;;;;https://rttf.ru/players/107051
Хрипуненко Павел Викторович;настольный теннис - это мы!;08.12.2013;08.12.2013 отк ПингВин;10:00;отк КЧР Прем (м);50;;;;;;;;https://rttf.ru/players/107051
Мурзин Виталий Юрьевич;настольный теннис - это мы!;22.12.2022;отк КЧР Прем (м);18:00;300+ New Holland;28;18:24;;;;;;;https://rttf.ru/players/107051
Мурзин Виталий Юрьевич;настольный теннис - это мы!;27.10.2022;отк КЧР Прем (м);10:00;отк КЧР Прем (м);46;;;;;;;;https://rttf.ru/players/107051
Мурзин Виталий Юрьевич;настольный теннис - это мы!;15.05.2022;отк КЧР Прем (м);10:00;отк КЧР Прем (м);28;;;;;;;;https://rttf.ru/players/107051
Мурзин Виталий Юрьевич;настольный теннис - это мы!;23.12.2021;отк КЧР Прем (м);08:00;отк КЧР Прем (м);44;;;;;;;;https://rttf.ru/players/107051
Мурзин Виталий Юрьевич;настольный теннис - это мы!;17.10.2021;отк КЧР Прем (м);08:00;отк КЧР Прем (м);44;;;;;;;;https://rttf.ru/players/107051
Мурзин Виталий Юрьевич;настольный теннис - это мы!;13.06.2021;отк КЧР Прем (м);08:00;отк КЧР Прем (м);48;;;;;;;;https://rttf.ru/players/107051
Мурзин Виталий Юрьевич;настольный теннис - это мы!;20.05.2021;отк КЧР Прем (м);08:00;отк КЧР Прем (м);44;;;;;;;;https://rttf.ru/players/107051
Мурзин Виталий Юрьевич;настольный теннис - это мы!;18.04.2021;отк ЧР-2021;10:00;отк КЧР Прем (м);46;;;;;;;;https://rttf.ru/players/107051
Мурзин Виталий Юрьевич;настольный теннис - это мы!;14.04.2021;отк ЧР-2021;10:00;отк КЧР Прем (м);50;;;;;;;;https://rttf.ru/players/25933
Мурзин Виталий Юрьевич;настольный теннис - это мы!;25.02.2021;отк КЧР Прем (м);10:00;отк КЧР Прем (м);46;;;;;;;;https://rttf.ru/players/25933
Березин Илья Дмитриевич;настольный теннис - это мы!;22.12.2022;отк КЧР Прем (м);08:00;отк КЧР Прем (м);44;;;;;;;;https://rttf.ru/players/25933
Березин Илья Дмитриевич;настольный теннис - это мы!;27.10.2022;отк КЧР Прем (м);08:00;отк КЧР Прем (м);44;;;;;;;;https://rttf.ru/players/25933
Березин Илья Дмитриевич;настольный теннис - это мы!;19.06.2022;отк КЧР Прем (м);08:00;отк КЧР Прем (м);48;;;;;;;;https://rttf.ru/players/25933
Березин Илья Дмитриевич;настольный теннис - это мы!;15.05.2022;отк КЧР Прем (м);08:00;отк КЧР Прем (м);44;;;;;;;;https://rttf.ru/players/25933
Березин Илья Дмитриевич;настольный теннис - это мы!;06.02.2022;отк КЧР Прем (м);10:00;отк КЧР Прем (м);46;;;;;;;;https://rttf.ru/players/25933
Березин Илья Дмитриевич;настольный теннис - это мы!;23.12.2021;отк КЧР Прем (м);11:00;отк ЧР-2021;63;;;;;;;;https://rttf.ru/players/25933
Березин Илья Дмитриевич;настольный теннис - это мы!;17.10.2021;отк КЧР Прем (м);11:00;отк ЧР-2021;54;;;;;;;;https://rttf.ru/players/25933
Березин Илья Дмитриевич;настольный теннис - это мы!;20.05.2021;отк КЧР Прем (м);10:00;отк КЧР Прем (м);46;;;;;;;;https://rttf.ru/players/25933
Березин Илья Дмитриевич;настольный теннис - это мы!;18.04.2021;отк ЧР-2021;08:00;отк КЧР Прем (м);44;;;;;;;;https://rttf.ru/players/31608
Березин Илья Дмитриевич;настольный теннис - это мы!;14.04.2021;отк ЧР-2021;08:00;отк КЧР Прем (м);44;;;;;;;;https://rttf.ru/players/31608
Курмамбаев Сагантай;настольный теннис - это мы!;15.01.2023;отк УК Liga Pro;10:00;отк КЧР Прем (м);46;;;;;;;;https://rttf.ru/players/31608
Курмамбаев Сагантай;настольный теннис - это мы!;06.03.2022;отк КЧР Суп (м);11:00;отк ЧР-2021;63;;;;;;;;https://rttf.ru/players/31608
Курмамбаев Сагантай;настольный теннис - это мы!;19.12.2021;отк КЧР Суп (м);11:00;отк ЧР-2021;54;;;;;;;;https://rttf.ru/players/31608
Курмамбаев Сагантай;настольный теннис - это мы!;07.11.2021;отк КЧР Суп (м);10:00;отк КЧР Прем (м);46;;;;;;;;https://rttf.ru/players/31608
Курмамбаев Сагантай;настольный теннис - это мы!;19.12.2019;отк КЧР Суп (м);11:00;отк ЧР-2021;63;;;;;;;;https://rttf.ru/players/32413
Гудилкин И;настольный теннис - это мы!;05.05.2013;05.05.2013 отк IX турнир;11:00;отк ЧР-2021;54;;;;;;;;https://rttf.ru/players/32413
Мутыгуллин Рамиль Накипович;настольный теннис - это мы!;21.01.2023;300+ New Holland;10:00;отк КЧР Прем (м);29;;;;;;;;https://rttf.ru/players/32413
Мутыгуллин Рамиль Накипович;настольный теннис - это мы!;22.12.2022;отк КЧР Прем (м);08:00;отк КЧР Прем (м);43;;;;;;;;https://rttf.ru/players/32413
Мутыгуллин Рамиль Накипович;настольный теннис - это мы!;17.12.2022;300+ New Holland;08:00;отк КЧР Прем (м);42;;;;;;;;https://rttf.ru/players/32413
Мутыгуллин Рамиль Накипович;настольный теннис - это мы!;27.10.2022;отк КЧР Прем (м);10:00;отк КЧР Прем (м);45;;;;;;;;https://rttf.ru/players/32413
Мутыгуллин Рамиль Накипович;настольный теннис - это мы!;19.06.2022;отк КЧР Прем (м);10:00;отк КЧР Прем (м);45;;;;;;;;https://rttf.ru/players/32413
Мутыгуллин Рамиль Накипович;настольный теннис - это мы!;15.05.2022;отк КЧР Прем (м);18:00;отк Сосновка;23;;;;;;;;https://rttf.ru/players/20195
Мутыгуллин Рамиль Накипович;настольный теннис - это мы!;06.02.2022;отк КЧР Прем (м);15:00;отк ArtTT-Прео;31;15:34;;;;;;;https://rttf.ru/players/10370
Мутыгуллин Рамиль Накипович;настольный теннис - это мы!;23.12.2021;отк КЧР Прем (м);15:00;отк ArtTT-Прео;44;15:42;;;;;;;https://rttf.ru/players/10370
Мутыгуллин Рамиль Накипович;настольный теннис - это мы!;17.10.2021;отк КЧР Прем (м);15:00;отк ArtTT-Прео;51;15:48;;;;;;;https://rttf.ru/players/10370
Мутыгуллин Рамиль Накипович;настольный теннис - это мы!;20.05.2021;отк КЧР Прем (м);15:00;отк ArtTT-Прео;37;15:22;;;;;;;https://rttf.ru/players/10370
Волин Лев;настольный теннис - это мы!;22.12.2022;отк КЧР Прем (м);15:00;отк ArtTT-Прео;31;15:30;;;;;;;https://rttf.ru/players/10370
Волин Лев;настольный теннис - это мы!;27.10.2022;отк КЧР Прем (м);15:00;отк ArtTT-Прео;30;15:56;;;;;;;https://rttf.ru/players/10370
Волин Лев;настольный теннис - это мы!;15.05.2022;отк КЧР Прем (м);15:00;отк ArtTT-Прео;15;15:08;;;;;;;https://rttf.ru/players/10370
Волин Лев;настольный теннис - это мы!;06.02.2022;отк КЧР Прем (м);15:00;отк ArtTT-Прео;45;15:34;;;;;;;https://rttf.ru/players/10370
Волин Лев;настольный теннис - это мы!;23.12.2021;отк КЧР Прем (м);15:00;отк ArtTT-Прео;39;15:45;;;;;;;https://rttf.ru/players/10370
Волин Лев;настольный теннис - это мы!;17.10.2021;отк КЧР Прем (м);15:00;отк ArtTT-Прео;41;15:55;;;;;;;https://rttf.ru/players/10370
Волин Лев;настольный теннис - это мы!;20.05.2021;отк КЧР Прем (м);15:30;отк ФилиТТ;52;15:57;;;;;;;https://rttf.ru/players/94527
Волин Лев;настольный теннис - это мы!;18.04.2021;отк ЧР-2021;15:00;отк TTL-Савёл;35;15:35;;;;;;;https://rttf.ru/players/94527
Волин Лев;настольный теннис - это мы!;14.04.2021;отк ЧР-2021;08:00;отк КЧР Прем (м);44;;;;;;;;https://rttf.ru/players/94527
Волин Лев;настольный теннис - это мы!;25.02.2021;отк КЧР Прем (м);08:00;отк КЧР Прем (м);44;;;;;;;;https://rttf.ru/players/94527
Регентов Евгений Анатольевич;настольный теннис - это мы!;15.05.2022;отк КЧР Прем (м);10:00;отк КЧР Прем (м);46;;;;;;;;https://rttf.ru/players/94527
Регентов Евгений Анатольевич;настольный теннис - это мы!;06.02.2022;отк КЧР Прем (м);11:00;отк ЧР-2021;63;;;;;;;;https://rttf.ru/players/94527
Регентов Евгений Анатольевич;настольный теннис - это мы!;20.05.2021;отк КЧР Прем (м);11:00;отк ЧР-2021;54;;;;;;;;https://rttf.ru/players/94527
Регентов Евгений Анатольевич;настольный теннис - это мы!;18.04.2021;отк ЧР-2021;10:00;отк КЧР Прем (м);46;;;;;;;;https://rttf.ru/players/94527
Регентов Евгений Анатольевич;настольный теннис - это мы!;14.04.2021;отк ЧР-2021;15:30;отк ФилиТТ;28;15:50;;;;;;;https://rttf.ru/players/22244
Регентов Евгений Анатольевич;настольный теннис - это мы!;25.02.2021;отк КЧР Прем (м);19:30;отк ФилиТТ;38;19:59;;;;;;;https://rttf.ru/players/22244
Регентов Евгений Анатольевич;настольный теннис - это мы!;23.12.2020;23.12.2020 отк КЧР Прем (м);19:30;отк ФилиТТ;33;19:37;;;;;;;https://rttf.ru/players/22244
Чернов Константин;настольный теннис - это мы!;18.04.2021;отк ЧР-2021;15:00;отк ArtTT-Прео;51;15:38;;;;;;;https://rttf.ru/players/22244
Чернов Константин;настольный теннис - это мы!;14.04.2021;отк ЧР-2021;15:00;отк ArtTT-Прео;52;15:43;;;;;;;https://rttf.ru/players/22244
Чернов Константин;настольный теннис - это мы!;26.05.2019;отк КЧР Прем (м);15:00;отк ArtTT-Прео;37;16:07;;;;;;;https://rttf.ru/players/22244
Чернов Константин;настольный теннис - это мы!;17.03.2019;отк КЧР Прем (м);15:00;отк ArtTT-Прео;40;15:25;;;;;;;https://rttf.ru/players/22244
Чернов Константин;настольный теннис - это мы!;21.02.2019;отк КЧР Прем (м);15:00;отк ArtTT-Прео;38;15:24;;;;;;;https://rttf.ru/players/22244
Чернов Константин;настольный теннис - это мы!;23.12.2018;отк КЧР Прем (м);18:00;1300-1500 Лига ПРО;5;19:01;;;;;;;https://rttf.ru/players/22244
Чернов Константин;настольный теннис - это мы!;25.11.2018;отк КЧР Прем (м);18:00;1300-1500 Лига ПРО;5;18:01;;;;;;;https://rttf.ru/players/22244
Мазунов Андрей Вячеславович;настольный теннис - это мы!;23.12.2017;отк Сосновка;08:00;отк КЧР Прем (м);45;;;;;;;;https://rttf.ru/players/25910
Ахмеджанов Мухаммед Хушнудбекович;настольный теннис - это мы!;01.05.2021;отк ArtTT-Прео;18:00;1300-1500 Лига ПРО;5;18:42;;;;;;;https://rttf.ru/players/25910
Ахмеджанов Мухаммед Хушнудбекович;настольный теннис - это мы!;25.04.2021;отк ArtTT-Прео;18:00;1300-1500 Лига ПРО;5;18:30;;;;;;;https://rttf.ru/players/25910
Ахмеджанов Мухаммед Хушнудбекович;настольный теннис - это мы!;06.02.2021;отк ArtTT-Прео;18:00;1300-1500 Лига ПРО;5;18:02;;;;;;;https://rttf.ru/players/25910
Ахмеджанов Мухаммед Хушнудбекович;настольный теннис - это мы!;31.01.2021;отк ArtTT-Прео;18:00;1300-1500 Лига ПРО;5;18:33;;;;;;;https://rttf.ru/players/25910
Ахмеджанов Мухаммед Хушнудбекович;настольный теннис - это мы!;30.01.2021;отк ArtTT-Прео;18:00;1300-1500 Лига ПРО;5;18:00;;;;;;;https://rttf.ru/players/25910
Ахмеджанов Мухаммед Хушнудбекович;настольный теннис - это мы!;24.01.2021;отк ArtTT-Прео;18:00;1300-1500 Лига ПРО;5;19:01;;;;;;;https://rttf.ru/players/25910
Ахмеджанов Мухаммед Хушнудбекович;настольный теннис - это мы!;20.12.2020;отк ArtTT-Прео;18:00;1300-1500 Лига ПРО;5;18:30;;;;;;;https://rttf.ru/players/25910
Ахмеджанов Мухаммед Хушнудбекович;настольный теннис - это мы!;22.11.2020;отк ArtTT-Прео;18:00;1300-1500 Лига ПРО;5;18:30;;;;;;;https://rttf.ru/players/25910
Ахмеджанов Мухаммед Хушнудбекович;настольный теннис - это мы!;21.11.2020;отк ArtTT-Прео;18:00;1300-1500 Лига ПРО;5;18:01;;;;;;;https://rttf.ru/players/25910
Ахмеджанов Мухаммед Хушнудбекович;настольный теннис - это мы!;07.11.2020;отк ArtTT-Прео;10:00;отк КЧР Прем (м);50;;;;;;;;https://rttf.ru/players/72736
Овчинников Егор;настольный теннис - это мы!;07.05.2022;отк ФилиТТ;10:00;отк КЧР Прем (м);46;;;;;;;;https://rttf.ru/players/72736
Овчинников Егор;настольный теннис - это мы!;01.05.2022;отк TTL-Савёл;10:00;отк КЧР Прем (м);28;;;;;;;;https://rttf.ru/players/72736
Овчинников Егор;настольный теннис - это мы!;06.02.2022;отк КЧР Прем (м);08:00;отк КЧР Прем (м);44;;;;;;;;https://rttf.ru/players/72736
Овчинников Егор;настольный теннис - это мы!;17.10.2021;отк КЧР Прем (м);08:00;отк КЧР Прем (м);44;;;;;;;;https://rttf.ru/players/72736
Овчинников Егор;настольный теннис - это мы!;20.05.2021;отк КЧР Прем (м);08:00;отк КЧР Прем (м);48;;;;;;;;https://rttf.ru/players/72736
Овчинников Егор;настольный теннис - это мы!;18.04.2021;отк ЧР-2021;08:00;отк КЧР Прем (м);44;;;;;;;;https://rttf.ru/players/72736
Овчинников Егор;настольный теннис - это мы!;14.04.2021;отк ЧР-2021;10:00;отк КЧР Прем (м);28;;;;;;;;https://rttf.ru/players/72736
Овчинников Егор;настольный теннис - это мы!;25.02.2021;отк КЧР Прем (м);10:00;отк КЧР Прем (м);46;;;;;;;;https://rttf.ru/players/72736
Овчинников Егор;настольный теннис - это мы!;23.12.2020;23.12.2020 отк КЧР Прем (м);11:00;отк УК Liga Pro;6;;;;;;;;https://rttf.ru/players/106778
Анисимов Антон Андреевич;настольный теннис - это мы!;31.07.2022;отк ФилиТТ;15:00;отк УК Liga Pro;7;;;;;;;;https://rttf.ru/players/106778
Анисимов Антон Андреевич;настольный теннис - это мы!;20.01.2022;отк ФилиТТ;12:00;отк УК Liga Pro;8;;;;;;;;https://rttf.ru/players/106778
Анисимов Антон Андреевич;настольный теннис - это мы!;09.12.2021;отк ФилиТТ;17:30;350+ New Holland;42;17:58;;;;;;;https://rttf.ru/players/97869
Анисимов Антон Андреевич;настольный теннис - это мы!;08.05.2021;отк ArtTT-Прео;15:30;отк ФилиТТ;61;16:39;;;;;;;https://rttf.ru/players/97869
Анисимов Антон Андреевич;настольный теннис - это мы!;23.01.2021;отк ArtTT-Прео;15:30;отк ФилиТТ;48;15:50;;;;;;;https://rttf.ru/players/97869
Анисимов Антон Андреевич;настольный теннис - это мы!;13.09.2020;отк ArtTT-Прео;17:30;300+ New Holland;49;18:14;;;;;;;https://rttf.ru/players/97869
Анисимов Антон Андреевич;настольный теннис - это мы!;12.09.2020;отк ArtTT-Прео;15:30;отк ФилиТТ;48;15:47;;;;;;;https://rttf.ru/players/97869
Анисимов Антон Андреевич;настольный теннис - это мы!;16.08.2020;отк ArtTT-Прео;15:00;отк ФилиТТ;4;15:56;;;;;;;https://rttf.ru/players/97869
Анисимов Антон Андреевич;настольный теннис - это мы!;25.03.2020;1300-1500 Лига ПРО;15:30;отк ФилиТТ;51;15:58;;;;;;;https://rttf.ru/players/97869
Анисимов Антон Андреевич;настольный теннис - это мы!;24.03.2020;1300-1500 Лига ПРО;15:30;отк ФилиТТ;44;16:11;;;;;;;https://rttf.ru/players/97869
Зимарин Артем Валерьевич;настольный теннис - это мы!;22.10.2019;отк КЧР Прем (м);15:30;отк ФилиТТ;67;15:34;;;;;;;https://rttf.ru/players/97869
Зимарин Артем Валерьевич;настольный теннис - это мы!;11.09.2019;1300-1500 Лига ПРО;15:30;отк ФилиТТ;41;16:03;;;;;;;https://rttf.ru/players/97869
Зимарин Артем Валерьевич;настольный теннис - это мы!;10.09.2019;1300-1500 Лига ПРО;19:30;отк ArtTT-Прео;20;;;;;;;;https://rttf.ru/players/2530
Зимарин Артем Валерьевич;настольный теннис - это мы!;09.09.2019;1300-1500 Лига ПРО;15:00;отк ArtTT-Прео;42;15:25;;;;;;;https://rttf.ru/players/398
Зимарин Артем Валерьевич;настольный теннис - это мы!;13.06.2019;1300-1500 Лига ПРО;15:30;отк ArtTT-Прео;45;16:15;;;;;;;https://rttf.ru/players/398
Зимарин Артем Валерьевич;настольный теннис - это мы!;12.06.2019;1300-1500 Лига ПРО;18:00;1300-1500 Лига ПРО;5;18:30;;;;;;;https://rttf.ru/players/398
Зимарин Артем Валерьевич;настольный теннис - это мы!;11.06.2019;1300-1500 Лига ПРО;18:00;1300-1500 Лига ПРО;5;19:07;;;;;;;https://rttf.ru/players/398
Зимарин Артем Валерьевич;настольный теннис - это мы!;13.02.2019;1300-1500 Лига ПРО;18:00;1300-1500 Лига ПРО;5;18:31;;;;;;;https://rttf.ru/players/398
Зимарин Артем Валерьевич;настольный теннис - это мы!;12.02.2019;1300-1500 Лига ПРО;18:00;1150-1300 Лига ПРО;5;19:00;;;;;;;https://rttf.ru/players/398
Зимарин Артем Валерьевич;настольный теннис - это мы!;11.02.2019;1300-1500 Лига ПРО;18:00;1150-1300 Лига ПРО;5;18:02;;;;;;;https://rttf.ru/players/398
Иванов Глеб;настольный теннис - это мы!;22.12.2022;отк КЧР Прем (м);18:00;1150-1300 Лига ПРО;5;18:29;;;;;;;https://rttf.ru/players/398
Иванов Глеб;настольный теннис - это мы!;27.10.2022;отк КЧР Прем (м);10:00;1000-1200 Лига ПРО;5;10:04;;;;;;;https://rttf.ru/players/398
Иванов Глеб;настольный теннис - это мы!;19.06.2022;отк КЧР Прем (м);10:00;1000-1200 Лига ПРО;5;10:33;;;;;;;https://rttf.ru/players/398
Иванов Глеб;настольный теннис - это мы!;15.05.2022;отк КЧР Прем (м);11:00;отк ЧР-2021;63;;;;;;;;https://rttf.ru/players/38913
Иванов Глеб;настольный теннис - это мы!;06.02.2022;отк КЧР Прем (м);10:00;отк КЧР Прем (м);50;;;;;;;;https://rttf.ru/players/57972
Иванов Глеб;настольный теннис - это мы!;23.12.2021;отк КЧР Прем (м);10:00;отк КЧР Прем (м);46;;;;;;;;https://rttf.ru/players/57972
Иванов Глеб;настольный теннис - это мы!;17.10.2021;отк КЧР Прем (м);15:30;отк ФилиТТ;51;16:05;;;;;;;https://rttf.ru/players/57972
Иванов Глеб;настольный теннис - это мы!;13.06.2021;отк КЧР Прем (м);08:00;отк КЧР Суп (м);41;;;;;;;;https://rttf.ru/players/57972
Иванов Глеб;настольный теннис - это мы!;20.05.2021;отк КЧР Прем (м);10:00;отк КЧР Суп (м);44;;;;;;;;https://rttf.ru/players/57972
Иванов Глеб;настольный теннис - это мы!;24.10.2020;24.10.2020 отк КЧР Прем (м);10:00;отк КЧР Суп (м);44;;;;;;;;https://rttf.ru/players/57972
Коновалов Сергей Геннадьевич;настольный теннис - это мы!;12.02.2023;отк УК Liga Pro;10:00;отк КЧР Суп (м);44;;;;;;;;https://rttf.ru/players/57972
Коновалов Сергей Геннадьевич;настольный теннис - это мы!;15.01.2023;отк УК Liga Pro;11:00;отк ЧР-2021;63;;;;;;;;https://rttf.ru/players/57972
Коновалов Сергей Геннадьевич;настольный теннис - это мы!;12.12.2022;отк УК Liga Pro;11:00;отк ЧР-2021;54;;;;;;;;https://rttf.ru/players/57972
Тихонов Артём Андреевич;настольный теннис - это мы!;18.02.2023;350+ New Holland;10:00;отк КЧР Прем (м);46;;;;;;;;https://rttf.ru/players/2967
Тихонов Артём Андреевич;настольный теннис - это мы!;11.02.2023;отк ФилиТТ;11:00;отк ЧР-2021;63;;;;;;;;https://rttf.ru/players/2967
Тихонов Артём Андреевич;настольный теннис - это мы!;04.02.2023;отк ФилиТТ;11:00;отк ЧР-2021;54;;;;;;;;https://rttf.ru/players/2967
Тихонов Артём Андреевич;настольный теннис - это мы!;21.01.2023;300+ New Holland;15:00;отк ArtTT-Прео;56;15:45;;;;;;;https://rttf.ru/players/2967
Тихонов Артём Андреевич;настольный теннис - это мы!;05.11.2022;отк ФилиТТ;10:00;отк КЧР Прем (м);46;;;;;;;;https://rttf.ru/players/2967
Тихонов Артём Андреевич;настольный теннис - это мы!;17.10.2022;отк ФилиТТ;10:00;отк TT-Club;22;10:29;;;;;;;https://rttf.ru/players/2967
Тихонов Артём Андреевич;настольный теннис - это мы!;15.10.2022;отк ФилиТТ;15:30;отк ФилиТТ;49;16:08;;;;;;;https://rttf.ru/players/60166
Тихонов Артём Андреевич;настольный теннис - это мы!;08.10.2022;отк ФилиТТ;10:00;отк КЧР Лига A (м);67;;;;;;;;https://rttf.ru/players/60166
Тихонов Артём Андреевич;настольный теннис - это мы!;01.10.2022;отк ФилиТТ;14:30;отк V2 TTC;23;14:37;;;;;;;https://rttf.ru/players/60166
Тихонов Артём Андреевич;настольный теннис - это мы!;24.09.2022;отк ФилиТТ;13:00;отк V2 TTC;39;13:41;;;;;;;https://rttf.ru/players/60166
Букин Андрей Юрьевич;настольный теннис - это мы!;28.08.2019;отк ArtTT-Прео;15:30;отк ФилиТТ;50;16:16;;;;;;;https://rttf.ru/players/60166
Букин Андрей Юрьевич;настольный теннис - это мы!;15.07.2018;15.07.2018 отк ArtTT-Прео;10:00;отк КЧР Лига A (м);67;;;;;;;;https://rttf.ru/players/60166
Левайац Дмитрий Борисович;настольный теннис - это мы!;09.11.2019;отк ArtTT-Прео;15:30;отк ФилиТТ;51;16:08;;;;;;;https://rttf.ru/players/60166
Левайац Дмитрий Борисович;настольный теннис - это мы!;03.11.2019;отк ArtTT-Прео;19:30;отк ФилиТТ;20;19:32;;;;;;;https://rttf.ru/players/60166
Левайац Дмитрий Борисович;настольный теннис - это мы!;26.04.2019;1300-1500 Лига ПРО;15:30;отк ФилиТТ;44;16:09;;;;;;;https://rttf.ru/players/60166
Левайац Дмитрий Борисович;настольный теннис - это мы!;25.04.2019;1300-1500 Лига ПРО;19:30;отк ФилиТТ;22;19:32;;;;;;;https://rttf.ru/players/60166
Левайац Дмитрий Борисович;настольный теннис - это мы!;24.04.2019;1300-1500 Лига ПРО;10:15;отк MasterTour(м);6;;;;;;;;https://rttf.ru/players/26693
Левайац Дмитрий Борисович;настольный теннис - это мы!;28.12.2017;1150-1300 Лига ПРО;10:15;отк MasterTour(м);6;;;;;;;;https://rttf.ru/players/26693
Левайац Дмитрий Борисович;настольный теннис - это мы!;27.12.2017;1150-1300 Лига ПРО;10:15;отк MasterTour(м);6;;;;;;;;https://rttf.ru/players/26693
Левайац Дмитрий Борисович;настольный теннис - это мы!;26.12.2017;1150-1300 Лига ПРО;10:15;отк MasterTour(м);6;;;;;;;;https://rttf.ru/players/26693
Левайац Дмитрий Борисович;настольный теннис - это мы!;14.06.2017;1000-1200 Лига ПРО;10:15;отк MasterTour(м);6;;;;;;;;https://rttf.ru/players/26693
Левайац Дмитрий Борисович;настольный теннис - это мы!;13.06.2017;1000-1200 Лига ПРО;10:15;отк MasterTour(м);6;;;;;;;;https://rttf.ru/players/26693
Каулик Алексей;настольный теннис - это мы!;18.04.2021;отк ЧР-2021;10:15;отк MasterTour(м);6;;;;;;;;https://rttf.ru/players/26693
Смирнов Максим;настольный теннис - это мы!;08.02.2015;08.02.2015 отк Лужники;10:15;отк MasterTour(м);6;;;;;;;;https://rttf.ru/players/26693
Панченко Артем Иванович;настольный теннис - это мы!;22.12.2022;отк КЧР Прем (м);10:15;отк MasterTour(м);6;;;;;;;;https://rttf.ru/players/26693
Панченко Артем Иванович;настольный теннис - это мы!;27.10.2022;отк КЧР Прем (м);10:15;отк MasterTour(м);6;;;;;;;;https://rttf.ru/players/26693
Панченко Артем Иванович;настольный теннис - это мы!;15.10.2022;отк ФилиТТ;10:00;отк КЧР Прем (м);50;;;;;;;;https://rttf.ru/players/36410
Панченко Артем Иванович;настольный теннис - это мы!;24.04.2022;отк КЧР Суп (м);10:00;отк КЧР Прем (м);46;;;;;;;;https://rttf.ru/players/36410
Панченко Артем Иванович;настольный теннис - это мы!;06.03.2022;отк КЧР Суп (м);08:00;отк КЧР Прем (м);44;;;;;;;;https://rttf.ru/players/36410
Панченко Артем Иванович;настольный теннис - это мы!;19.12.2021;отк КЧР Суп (м);08:00;отк КЧР Прем (м);44;;;;;;;;https://rttf.ru/players/36410
Панченко Артем Иванович;настольный теннис - это мы!;07.11.2021;отк КЧР Суп (м);08:00;отк КЧР Прем (м);48;;;;;;;;https://rttf.ru/players/36410
Панченко Артем Иванович;настольный теннис - это мы!;18.04.2021;отк ЧР-2021;08:00;отк КЧР Прем (м);44;;;;;;;;https://rttf.ru/players/36410
Панченко Артем Иванович;настольный теннис - это мы!;14.04.2021;отк ЧР-2021;10:00;отк КЧР Прем (м);46;;;;;;;;https://rttf.ru/players/36410
Панченко Артем Иванович;настольный теннис - это мы!;23.12.2020;23.12.2020 отк КЧР Прем (м);11:00;отк ЧР-2021;63;;;;;;;;https://rttf.ru/players/36410
Бурдин Алексей Сергеевич;настольный теннис - это мы!;20.05.2021;отк КЧР Прем (м);11:00;отк Россия U-19;64;;;;;;;;https://rttf.ru/players/36410
Бурдин Алексей Сергеевич;настольный теннис - это мы!;18.04.2021;отк ЧР-2021;17:00;отк Россия U-19;58;;;;;;;;https://rttf.ru/players/36410
Бурдин Алексей Сергеевич;настольный теннис - это мы!;14.04.2021;отк ЧР-2021;15:30;отк ФилиТТ;54;15:58;;;;;;;https://rttf.ru/players/81758
Бурдин Алексей Сергеевич;настольный теннис - это мы!;14.03.2021;отк ArtTT-Прео;15:00;отк ФилиТТ;34;15:18;;;;;;;https://rttf.ru/players/81758
Бурдин Алексей Сергеевич;настольный теннис - это мы!;25.02.2021;отк КЧР Прем (м);15:00;отк ФилиТТ;29;15:25;;;;;;;https://rttf.ru/players/81758
Бурдин Алексей Сергеевич;настольный теннис - это мы!;03.01.2021;отк TT-Club;15:30;отк ФилиТТ;40;15:54;;;;;;;https://rttf.ru/players/81758
Бурдин Алексей Сергеевич;настольный теннис - это мы!;23.12.2020;23.12.2020 отк КЧР Прем (м);15:30;отк ФилиТТ;41;16:10;;;;;;;https://rttf.ru/players/81758
Сёмин Артём Сергеевич;настольный теннис - это мы!;18.02.2023;отк ФилиТТ;15:30;отк ФилиТТ;46;15:59;;;;;;;https://rttf.ru/players/81758
Сёмин Артём Сергеевич;настольный теннис - это мы!;15.12.2022;отк КЧР Лига A (м);15:30;отк ФилиТТ;44;15:56;;;;;;;https://rttf.ru/players/81758
Сёмин Артём Сергеевич;настольный теннис - это мы!;10.12.2022;отк V2 TTC;15:30;отк ФилиТТ;31;15:50;;;;;;;https://rttf.ru/players/81758
Сёмин Артём Сергеевич;настольный теннис - это мы!;12.11.2022;отк V2 TTC;16:00;отк ФилиТТ;37;16:45;;;;;;;https://rttf.ru/players/81758
Сёмин Артём Сергеевич;настольный теннис - это мы!;29.10.2022;отк ФилиТТ;15:30;отк ФилиТТ;24;15:55;;;;;;;https://rttf.ru/players/81758
Сёмин Артём Сергеевич;настольный теннис - это мы!;23.10.2022;отк КЧР Лига A (м);11:00;отк УК Liga Pro;6;;;;;;;;https://rttf.ru/players/6601
Сёмин Артём Сергеевич;настольный теннис - это мы!;15.10.2022;отк ФилиТТ;15:00;отк УК Liga Pro;7;;;;;;;;https://rttf.ru/players/6601
Сёмин Артём Сергеевич;настольный теннис - это мы!;13.10.2022;отк ФилиТТ;12:00;отк УК Liga Pro;8;;;;;;;;https://rttf.ru/players/6601
Сёмин Артём Сергеевич;настольный теннис - это мы!;08.10.2022;отк ФилиТТ;08:00;отк КЧР Прем (м);47;;;;;;;;https://rttf.ru/players/6601
Сёмин Артём Сергеевич;настольный теннис - это мы!;15.09.2022;отк ФилиТТ;10:00;отк КЧР Суп (м);40;;;;;;;;https://rttf.ru/players/6601
Стеценко Александр;настольный теннис - это мы!;29.01.2021;отк MasterTour(м);10:00;отк КЧР Суп (м);40;;;;;;;;https://rttf.ru/players/6601
Стеценко Александр;настольный теннис - это мы!;22.01.2021;отк MasterTour(м);10:00;отк КЧР Суп (м);43;;;;;;;;https://rttf.ru/players/6601
Стеценко Александр;настольный теннис - это мы!;12.01.2021;отк MasterTour(м);10:00;отк КЧР Суп (м);41;;;;;;;;https://rttf.ru/players/6601
Стеценко Александр;настольный теннис - это мы!;18.12.2020;отк MasterTour(м);10:15;отк MasterTour(м);6;;;;;;;;https://rttf.ru/players/30173
Стеценко Александр;настольный теннис - это мы!;08.12.2020;отк MasterTour(м);10:15;отк MasterTour(м);6;;;;;;;;https://rttf.ru/players/30173
Стеценко Александр;настольный теннис - это мы!;20.11.2020;отк MasterTour(м);10:15;отк MasterTour(м);6;;;;;;;;https://rttf.ru/players/30173
Стеценко Александр;настольный теннис - это мы!;23.10.2020;отк MasterTour(м);10:15;отк MasterTour(м);6;;;;;;;;https://rttf.ru/players/30173
Стеценко Александр;настольный теннис - это мы!;29.09.2020;отк MasterTour(м);10:15;отк MasterTour(м);6;;;;;;;;https://rttf.ru/players/30173
Стеценко Александр;настольный теннис - это мы!;08.09.2020;отк MasterTour(м);17:30;300+ New Holland;49;18:16;;;;;;;https://rttf.ru/players/72779
Стеценко Александр;настольный теннис - это мы!;28.08.2020;отк MasterTour(м);10:00;отк КЧР Прем (м);50;;;;;;;;https://rttf.ru/players/72779
Шевнин Семен Алексеевич;настольный теннис - это мы!;22.12.2022;отк КЧР Прем (м);10:00;отк КЧР Прем (м);46;;;;;;;;https://rttf.ru/players/72779
Шевнин Семен Алексеевич;настольный теннис - это мы!;27.10.2022;отк КЧР Прем (м);15:30;отк ФилиТТ;67;15:34;;;;;;;https://rttf.ru/players/72779
Шевнин Семен Алексеевич;настольный теннис - это мы!;15.05.2022;отк КЧР Прем (м);16:30;300+ New Holland;32;16:47;;;;;;;https://rttf.ru/players/72779
Шевнин Семен Алексеевич;настольный теннис - это мы!;06.02.2022;отк КЧР Прем (м);19:30;отк ФилиТТ;24;19:32;;;;;;;https://rttf.ru/players/72779
Шевнин Семен Алексеевич;настольный теннис - это мы!;23.12.2021;отк КЧР Прем (м);15:00;отк ArtTT-Первом;39;16:18;;;;;;;https://rttf.ru/players/72779
Шевнин Семен Алексеевич;настольный теннис - это мы!;17.10.2021;отк КЧР Прем (м);18:00;отк ArtTT-Первом;17;18:04;;;;;;;https://rttf.ru/players/72779
Шевнин Семен Алексеевич;настольный теннис - это мы!;20.05.2021;отк КЧР Прем (м);08:00;отк КЧР Прем (м);44;;;;;;;;https://rttf.ru/players/72779
Шевнин Семен Алексеевич;настольный теннис - это мы!;18.04.2021;отк ЧР-2021;15:00;отк ArtTT-Прео;35;15:52;;;;;;;https://rttf.ru/players/72779
Шевнин Семен Алексеевич;настольный теннис - это мы!;28.03.2021;отк Россия U-19;08:00;отк ATT Pattaya;24;08:21;;;;;;;https://rttf.ru/players/25915
Шевнин Семен Алексеевич;настольный теннис - это мы!;24.03.2021;отк Россия U-19;10:00;отк КЧР Лига A (м);63;;;;;;;;https://rttf.ru/players/25915
Медведев Сергей Александрович;настольный теннис - это мы!;21.01.2023;отк ФилиТТ;10:00;отк КЧР Лига A (м);63;;;;;;;;https://rttf.ru/players/25915
Медведев Сергей Александрович;настольный теннис - это мы!;07.01.2023;отк ФилиТТ;10:00;отк КЧР Лига A (м);69;;;;;;;;https://rttf.ru/players/25915
Медведев Сергей Александрович;настольный теннис - это мы!;31.12.2022;отк ФилиТТ;10:00;отк КЧР Лига A (м);64;;;;;;;;https://rttf.ru/players/25915
Медведев Сергей Александрович;настольный теннис - это мы!;17.12.2022;отк ФилиТТ;11:00;отк ЧР-2021;63;;;;;;;;https://rttf.ru/players/25915
Медведев Сергей Александрович;настольный теннис - это мы!;10.12.2022;отк ФилиТТ;15:00;отк ArtTT-Прео;72;15:41;;;;;;;https://rttf.ru/players/25915
Медведев Сергей Александрович;настольный теннис - это мы!;03.12.2022;отк ФилиТТ;13:00;отк ЛуЦентр;33;13:30;;;;;;;https://rttf.ru/players/25915
Медведев Сергей Александрович;настольный теннис - это мы!;26.11.2022;отк ФилиТТ;15:00;отк ArtTT-Прео;37;15:29;;;;;;;https://rttf.ru/players/25915
Медведев Сергей Александрович;настольный теннис - это мы!;19.11.2022;отк ФилиТТ;15:00;отк ArtTT-Прео;40;15:24;;;;;;;https://rttf.ru/players/25915
Медведев Сергей Александрович;настольный теннис - это мы!;12.11.2022;отк ФилиТТ;10:00;отк КЧР Лига A (м);67;;;;;;;;https://rttf.ru/players/50791
Медведев Сергей Александрович;настольный теннис - это мы!;06.11.2022;отк ФилиТТ;08:00;отк КЧР Прем (м);44;;;;;;;;https://rttf.ru/players/50791
Жолудев Денис Сергеевич;настольный теннис - это мы!;12.02.2023;отк УК Liga Pro;08:00;отк КЧР Прем (м);48;;;;;;;;https://rttf.ru/players/50791
Жолудев Денис Сергеевич;настольный теннис - это мы!;15.01.2023;отк УК Liga Pro;10:00;отк КЧР Прем (м);46;;;;;;;;https://rttf.ru/players/50791
Жолудев Денис Сергеевич;настольный теннис - это мы!;12.12.2022;отк УК Liga Pro;11:00;отк ЧР-2021;63;;;;;;;;https://rttf.ru/players/50791
Жолудев Денис Сергеевич;настольный теннис - это мы!;22.12.2019;отк КЧР Прем (м);10:00;отк КЧР Прем (м);46;;;;;;;;https://rttf.ru/players/50791
Жолудев Денис Сергеевич;настольный теннис - это мы!;14.04.2019;отк КЧР Суп (м);14:00;430+ TTClub-НН;14;14:04;;;;;;;https://rttf.ru/players/3751
Жолудев Денис Сергеевич;настольный теннис - это мы!;08.03.2019;отк КЧР Суп (м);17:00;отк TTPROFI;17;17:02;;;;;;;https://rttf.ru/players/3751
Жолудев Денис Сергеевич;настольный теннис - это мы!;26.12.2018;отк КЧР Суп (м);17:00;отк TTPROFI;14;17:03;;;;;;;https://rttf.ru/players/3751
Жолудев Денис Сергеевич;настольный теннис - это мы!;04.11.2018;отк КЧР Суп (м);10:00;отк КЧР Прем (м);50;;;;;;;;https://rttf.ru/players/3751
Жолудев Денис Сергеевич;настольный теннис - это мы!;02.09.2018;02.09.2018 отк ArtTT-Прео;10:00;отк КЧР Прем (м);46;;;;;;;;https://rttf.ru/players/3751
Захаров Дмитрий;настольный теннис - это мы!;12.01.2021;отк MasterTour(м);08:00;отк КЧР Прем (м);44;;;;;;;;https://rttf.ru/players/3751
Захаров Дмитрий;настольный теннис - это мы!;08.12.2020;отк MasterTour(м);08:00;отк КЧР Прем (м);44;;;;;;;;https://rttf.ru/players/3751
Захаров Дмитрий;настольный теннис - это мы!;20.11.2020;отк MasterTour(м);15:00;отк TTL-Савёл;32;15:11;;;;;;;https://rttf.ru/players/3751
Захаров Дмитрий;настольный теннис - это мы!;29.09.2020;отк MasterTour(м);08:00;отк КЧР Прем (м);48;;;;;;;;https://rttf.ru/players/3751
Захаров Дмитрий;настольный теннис - это мы!;18.09.2020;отк MasterTour(м);10:00;отк КЧР Прем (м);50;;;;;;;;https://rttf.ru/players/30304
Анохин Илья Витальевич;настольный теннис - это мы!;21.01.2023;300+ New Holland;10:00;отк КЧР Прем (м);46;;;;;;;;https://rttf.ru/players/30304
Анохин Илья Витальевич;настольный теннис - это мы!;22.12.2022;отк КЧР Прем (м);08:00;отк КЧР Прем (м);44;;;;;;;;https://rttf.ru/players/30304
Анохин Илья Витальевич;настольный теннис - это мы!;27.10.2022;отк КЧР Прем (м);08:00;отк КЧР Прем (м);44;;;;;;;;https://rttf.ru/players/30304
Анохин Илья Витальевич;настольный теннис - это мы!;01.10.2022;отк ФилиТТ;08:00;отк КЧР Прем (м);48;;;;;;;;https://rttf.ru/players/30304
Анохин Илья Витальевич;настольный теннис - это мы!;20.08.2022;300+ New Holland;08:00;отк КЧР Прем (м);44;;;;;;;;https://rttf.ru/players/30304
Анохин Илья Витальевич;настольный теннис - это мы!;30.06.2022;отк ФилиТТ;10:00;отк КЧР Прем (м);46;;;;;;;;https://rttf.ru/players/30304
Анохин Илья Витальевич;настольный теннис - это мы!;09.05.2022;отк ArtTT-Первом;11:00;отк Россия U-19;64;;;;;;;;https://rttf.ru/players/30304
Анохин Илья Витальевич;настольный теннис - это мы!;20.02.2022;отк ArtTT-Первом;17:00;отк Россия U-19;58;;;;;;;;https://rttf.ru/players/30304
Анохин Илья Витальевич;настольный теннис - это мы!;17.10.2021;отк КЧР Прем (м);10:00;отк КЧР Прем (м);46;;;;;;;;https://rttf.ru/players/30304
Анохин Илья Витальевич;настольный теннис - это мы!;06.06.2021;отк ArtTT-Прео;10:00;отк КЧР Прем (м);28;;;;;;;;https://rttf.ru/players/25934
Воробьев Кирилл Валерьевич;настольный теннис - это мы!;19.02.2023;отк ATT Pattaya;08:00;отк КЧР Прем (м);44;;;;;;;;https://rttf.ru/players/25934
Воробьев Кирилл Валерьевич;настольный теннис - это мы!;24.04.2022;отк КЧР Лига A (м);08:00;отк КЧР Прем (м);48;;;;;;;;https://rttf.ru/players/25934
Воробьев Кирилл Валерьевич;настольный теннис - это мы!;27.02.2022;отк КЧР Лига A (м);08:00;отк КЧР Прем (м);44;;;;;;;;https://rttf.ru/players/25934
Воробьев Кирилл Валерьевич;настольный теннис - это мы!;19.12.2021;отк КЧР Лига A (м);10:00;отк КЧР Прем (м);46;;;;;;;;https://rttf.ru/players/25934
Воробьев Кирилл Валерьевич;настольный теннис - это мы!;07.11.2021;отк КЧР Лига A (м);10:00;отк КЧР Прем (м);46;;;;;;;;https://rttf.ru/players/25934
Воробьев Кирилл Валерьевич;настольный теннис - это мы!;18.04.2021;отк ЧР-2021;10:00;отк КЧР Прем (м);50;;;;;;;;https://rttf.ru/players/29314
Воробьев Кирилл Валерьевич;настольный теннис - это мы!;18.10.2020;отк ArtTT-Прео;10:00;отк КЧР Прем (м);46;;;;;;;;https://rttf.ru/players/29314
Воробьев Кирилл Валерьевич;настольный теннис - это мы!;17.10.2020;отк ЛуЦентр;10:00;отк КЧР Прем (м);28;;;;;;;;https://rttf.ru/players/29314
Воробьев Кирилл Валерьевич;настольный теннис - это мы!;13.09.2020;отк ArtTT-Прео;08:00;отк КЧР Прем (м);44;;;;;;;;https://rttf.ru/players/29314
Воробьев Кирилл Валерьевич;настольный теннис - это мы!;12.09.2020;отк ArtTT-Прео;08:00;отк КЧР Прем (м);44;;;;;;;;https://rttf.ru/players/29314
Шевченко Семён Валерьевич;настольный теннис - это мы!;19.07.2014;19.07.2014 отк Холмы;08:00;отк КЧР Прем (м);48;;;;;;;;https://rttf.ru/players/29314
Ефимов Михаил Алексеевич;настольный теннис - это мы!;15.12.2022;отк КЧР Лига A (м);10:00;отк КЧР Прем (м);46;;;;;;;;https://rttf.ru/players/29314
Ефимов Михаил Алексеевич;настольный теннис - это мы!;15.05.2022;отк КЧР Прем (м);11:00;отк Россия U-19;64;;;;;;;;https://rttf.ru/players/29314
Ефимов Михаил Алексеевич;настольный теннис - это мы!;23.12.2021;отк КЧР Прем (м);17:00;отк Россия U-19;58;;;;;;;;https://rttf.ru/players/29314
Ефимов Михаил Алексеевич;настольный теннис - это мы!;20.05.2021;отк КЧР Прем (м);10:00;отк КЧР Прем (м);46;;;;;;;;https://rttf.ru/players/29314
Ефимов Михаил Алексеевич;настольный теннис - это мы!;18.04.2021;отк ЧР-2021;;;;;;;;;;;
Ефимов Михаил Алексеевич;настольный теннис - это мы!;25.02.2021;отк КЧР Прем (м);;;;;;;;;;;
Ефимов Михаил Алексеевич;настольный теннис - это мы!;23.12.2020;23.12.2020 отк КЧР Прем (м);;;;;;;;;;;
Попов Андрей Владимирович;настольный теннис - это мы!;08.01.2023;430+ TTClub-НН;;;;;;;;;;;
Попов Андрей Владимирович;настольный теннис - это мы!;05.01.2023;отк TTPROFI;;;;;;;;;;;
Попов Андрей Владимирович;настольный теннис - это мы!;03.01.2023;отк TTPROFI;;;;;;;;;;;
Попов Андрей Владимирович;настольный теннис - это мы!;22.12.2022;отк КЧР Прем (м);;;;;;;;;;;
Попов Андрей Владимирович;настольный теннис - это мы!;27.10.2022;отк КЧР Прем (м);;;;;;;;;;;
Попов Андрей Владимирович;настольный теннис - это мы!;15.05.2022;отк КЧР Прем (м);;;;;;;;;;;
Попов Андрей Владимирович;настольный теннис - это мы!;06.02.2022;отк КЧР Прем (м);;;;;;;;;;;
Попов Андрей Владимирович;настольный теннис - это мы!;30.01.2022;отк TTL-Савёл;;;;;;;;;;;
Попов Андрей Владимирович;настольный теннис - это мы!;23.12.2021;отк КЧР Прем (м);;;;;;;;;;;
Попов Андрей Владимирович;настольный теннис - это мы!;30.10.2021;30.10.2021 отк King Pong;;;;;;;;;;;
Кабуркин Максим Викторович;настольный теннис - это мы!;22.12.2022;отк КЧР Прем (м);;;;;;;;;;;
Кабуркин Максим Викторович;настольный теннис - это мы!;27.10.2022;отк КЧР Прем (м);;;;;;;;;;;
Кабуркин Максим Викторович;настольный теннис - это мы!;15.05.2022;отк КЧР Прем (м);;;;;;;;;;;
Кабуркин Максим Викторович;настольный теннис - это мы!;06.02.2022;отк КЧР Прем (м);;;;;;;;;;;
Кабуркин Максим Викторович;настольный теннис - это мы!;23.12.2021;отк КЧР Прем (м);;;;;;;;;;;
Кабуркин Максим Викторович;настольный теннис - это мы!;17.10.2021;отк КЧР Прем (м);;;;;;;;;;;
Кабуркин Максим Викторович;настольный теннис - это мы!;20.05.2021;отк КЧР Прем (м);;;;;;;;;;;
Кабуркин Максим Викторович;настольный теннис - это мы!;28.03.2021;отк Россия U-19;;;;;;;;;;;
Кабуркин Максим Викторович;настольный теннис - это мы!;24.03.2021;отк Россия U-19;;;;;;;;;;;
Кабуркин Максим Викторович;настольный теннис - это мы!;25.02.2021;отк КЧР Прем (м);;;;;;;;;;;
Алчимбаев Руслан Рифатович;настольный теннис - это мы!;19.06.2022;отк КЧР Прем (м);;;;;;;;;;;
Алчимбаев Руслан Рифатович;настольный теннис - это мы!;15.05.2022;отк КЧР Прем (м);;;;;;;;;;;
Алчимбаев Руслан Рифатович;настольный теннис - это мы!;23.12.2021;отк КЧР Прем (м);;;;;;;;;;;
Алчимбаев Руслан Рифатович;настольный теннис - это мы!;17.10.2021;отк КЧР Прем (м);;;;;;;;;;;
Алчимбаев Руслан Рифатович;настольный теннис - это мы!;20.05.2021;отк КЧР Прем (м);;;;;;;;;;;
Алчимбаев Руслан Рифатович;настольный теннис - это мы!;25.02.2021;отк КЧР Прем (м);;;;;;;;;;;
Алчимбаев Руслан Рифатович;настольный теннис - это мы!;23.12.2020;23.12.2020 отк КЧР Прем (м);;;;;;;;;;;
Банников Владислав Алексеевич;настольный теннис - это мы!;22.12.2022;отк КЧР Прем (м);;;;;;;;;;;
Банников Владислав Алексеевич;настольный теннис - это мы!;27.10.2022;отк КЧР Прем (м);;;;;;;;;;;
Банников Владислав Алексеевич;настольный теннис - это мы!;19.06.2022;отк КЧР Прем (м);;;;;;;;;;;
Банников Владислав Алексеевич;настольный теннис - это мы!;15.05.2022;отк КЧР Прем (м);;;;;;;;;;;
Банников Владислав Алексеевич;настольный теннис - это мы!;06.02.2022;отк КЧР Прем (м);;;;;;;;;;;
Банников Владислав Алексеевич;настольный теннис - это мы!;23.12.2021;отк КЧР Прем (м);;;;;;;;;;;
Банников Владислав Алексеевич;настольный теннис - это мы!;20.05.2021;отк КЧР Прем (м);;;;;;;;;;;
Банников Владислав Алексеевич;настольный теннис - это мы!;28.03.2021;отк Россия U-19;;;;;;;;;;;
Банников Владислав Алексеевич;настольный теннис - это мы!;24.03.2021;отк Россия U-19;;;;;;;;;;;
Банников Владислав Алексеевич;настольный теннис - это мы!;25.02.2021;отк КЧР Прем (м);;;;;;;;;;;
